citation,author,book
 Il n'est pas d'amour qui résiste à l'absence. ,Anatole France,    La Rôtisserie de la reine Pédauque                                
 L'acteur n'existe que dans le regard des autres. ,Michel Piccoli,"    Le Monde, septembre 2001                                "
 Ceux qui se sont sagement limités à ce qui leur paraissait possible n'ont jamais avancé d'un seul pas. ,Mikhaïl Bakounine,
" Si on n'est pas prêt à tout, on est prêt à rien. ",Paul Auster,
" Nous réalisons que ce que nous accomplissons n'est qu'une goutte dans l'océan. Mais si cette goutte n'existait pas dans l'océan, elle manquerait. ",Mère Teresa,
" J'aime qu'il se passe quelque chose ; et s'il ne se passe rien, je fais en sorte qu'il se passe quelque chose. ",Winston Churchill,
 Savoir ce qu'il faut faire et ne pas le faire revient au même que ne pas savoir quoi faire. ,Robin Sharma,
 Le grand secret de notre maladie oscille entre la précipitation et la négligence. ,Johann Wolfgang von Goethe,
" Sans l'action, l'imagination ne serait qu'un moyen de nous réfugier dans l'irréel. ",Albert Jacquard,    Petite philosophie à l'usage des non-philosophes - Ed. Calmann-Lévy                                
" Pour vivre en paix avec tout le monde, il ne suffit pas de ne point se mêler des affaires d'autrui, il faut encore souffrir qu'autrui se mêle des vôtres. ",Élie Fréron,
 Votre âge se mesure exactement au degré d'irritation que vous procure une idée nouvelle. ,Jules Renard,
 Un homme qui déteste les chiens et qui aime le whisky ne peut pas être tout à fait mauvais. ,W.C. Fields,
 L'altruisme est une forme intelligente d'égoïsme. ,Jacques Attali,
" Un mari qu'on aime d'amour, ce n'est pas un mari, c'est un amant. ",Paul-Jean Toulet,
 L'ambition est le dernier refuge du raté. ,Oscar Wilde,
" Quand l'amour grandit en toi, la beauté fait de même. Car l'amour est la beauté de l'âme. ",Saint-Augustin,
" L'âme est reliée au souffle originel ; mais rien ne peut attaquer son intégrité, contrairement à l'esprit. ",François Cheng,"    La Grande Librairie, 17 nov. 2016                                "
 Il n'est pas aussi facile d'apercevoir la beauté de l'âme que celle du corps. ,Aristote,"    Les politiques, I                                "
" L'amitié, comme l'amour, naît de l'appréhension de l'exceptionnel de l'autre. ",Olivier de Kersauson,"    Le monde comme il me parle, éd. le cherche midi                                "
 L'amitié est un amour sans le corps. ,Michel Onfray,"    La Grande Librairie, 09/01/2019                                "
" Je considère qu'un ami est celui qui ne ment pas, ne fait pas semblant et parle avec toute la sincérité, la franchise que l'amitié véritable requiert. ",Tahar Ben Jelloun,    Éloge de l'amitié                                
" Ne marche pas devant moi, je ne suivrai peut-être pas. Ne marche pas derrière moi, je ne te guiderai peut-être pas. Marche juste à côté de moi et sois mon ami. ",Albert Camus,
 L'amitié fait le tour du monde et nous convie tous à nous réveiller pour la vie heureuse. ,Épicure,    Sentence vaticane                                
 Mon meilleur ami est le seul être au monde qui ait le pouvoir de me fortifier et de me consoler. ,Henri-Frédéric Amiel,
" Sur vingt amis, dix-neuf disent de vous du mal, et le vingtième, qui en dit du bien, le dit mal. ",Antoine Rivarol,
 Les coups de bâtons de mes amis ont plus de prix que les cadeaux de mes ennemis. ,Matteo Ricci,    De l'Amitié                                
" Un ami, c'est celui qui devine toujours quand on a besoin de lui. ",Jules Renard,    Journal                                
" Il y a trois sortes d'hommes avec lequel il est utile de se lier d'amitié : les hommes droits, les hommes sincères, et les hommes qui ont beaucoup appris. ",Confucius,
 Amour et fleurs ne durent qu'un printemps. ,Pierre de Ronsard,
 La source du malheur dans l'amour est la peur d'être aimé. ,Emil Cioran,
" L'amour est le seul sujet sur lequel on puisse écrire n'importe quoi, car l'amour est n'importe quoi. C'est une qualité. ",Charles Dantzig,"    Dictionnaire égoïste de la littérature française, éd. Grasset                                "
 L'amour est le miracle d'être un jour entendu jusque dans nos silences. Et d'entendre en retour avec la même délicatesse. ,Christian Bobin,
" L'amour non-dit vous étreint le cœur, qui vous fait tour à tour souffrir et espérer. ",Francesco Alberoni,
 Quiconque doit aimer aime à première vue. ,William Shakespeare,
" L'absence d'amour, ça prend beaucoup de place. ",Romain Gary,
" L'amour est-il, comme on le prétend, la purification de l'instinct ou, au contraire, sa perversion ? ",Alfred Capus,
" L'amour est souvent une partie où chacun des deux joueurs, tour à tour, croit qu'il va perdre et se hâte de corriger son jeu. ",Paul Léautaud,
" Ce qu'il y a de triste dans l'amour, c'est que non seulement l'amour ne peut pas durer toujours, mais que les désespoirs qu'il cause sont vite oubliés. ",William Faulkner,
" Aimer, c'est essentiellement vouloir être aimé. ",Jacques Lacan,
" L'amour, c'est d'abord aimer follement l'odeur de l'autre. ",Pascal Quignard,
" L'amour, sans la jalousie, n'est pas l'amour. ",Paul Léautaud,
" L'amour ne donne aucun droit sur l'autre, seulement le devoir de le respecter. ",Jacques Salomé,
" L'amour n'aime pas le passé. L'amour renverse et bouscule, il ne regarde qu'en avant, il est l'ennemi de la tradition. ",Jean d'Ormesson,"    Au plaisir de Dieu, éd. Gallimard                                "
" L'amour est une flamme sans fumée, toujours neuve, créative et joyeuse. ",Jiddu Krishnamurti,
" Auprès de la femme que l'on aime il se dégage un parfum céleste, ce n'est plus de l'air, c'est de l'amour qu'on respire. ",Alphonse Karr,
" Ce charme qu'on croit trouver dans les autres, c'est en nous qu'il existe ; et c'est l'amour seule qui embellit tant l'objet aimé. ",Pierre Choderlos de Laclos,
" N'aimer que des êtres purs, c'est de l'égoïsme. Chercher dans une femme ce que nous ne possédons pas nous-mêmes, ce n'est pas de l'amour, c'est de l'adulation. Il ne faut aimer que nos égales. ",Anton Tchekhov,"    Carnets de notes, éd. Calmann-Lévy                                "
" Dire que vous pouvez aimer une personne toute votre vie, c'est comme si vous prétendiez qu'une bougie continuera à brûler aussi longtemps que vous vivrez. ",Léon Tolstoï,    La Sonate à Kreutzer                                
" L'amour, c'est le physique, c'est l'attrait charnel, c'est le plaisir reçu et donné... Le reste, les hyperboles, les soupirs, les « élans de l'âme », sont des plaisanteries, des propos pour les niais, des rêveries de beaux esprits impuissants. La passion, c'est le feu qui met en nous ce plaisir. Le sentiment, c'est l'attachement à ce plaisir. ",Paul Léautaud,"    Amours, éd. Mercure                                "
" Aime et fais ce que tu veux ; si tu te tais, tais-toi par amour ; si tu parles, parle avec amour ; si tu corriges, corrige par amour ; si tu pardonnes, pardonne par amour ; aies au fond du cœur les racines de l'amour ; de cette racine, il ne peut rien sortir que de bon. ",Saint-Augustin,    Confessions                                
" Qu'est-ce en effet qui relie le temporel et l'éternité, qu'est-ce d'autre que l'amour, qui donc est avant toutes choses et demeure quand toutes sont passées ? ",Søren Kierkegaard,
 L'amour est un fleuve où les eaux de deux rivières se mêlent sans se confondre. ,Jacques de Bourbon Busset,
" Croyez seulement en un amour qui vous est gardé comme un bien d'héritage. Soyez certain qu'il y a dans cet amour une force, une bénédiction qui peuvent vous accompagner aussi loin que vous alliez. ",Rainer Maria Rilke,
 Aimer sans doute est le possible le plus lointain. ,Georges Bataille,    L'Érotisme                                
" L'homme veut être le premier amour de la femme, alors que la femme veut être le dernier amour de l'homme. ",Oscar Wilde,
" Le premier symptôme de l'amour vrai chez un jeune homme, c'est la timidité, chez une jeune fille, c'est la hardiesse. ",Victor Hugo,
 Tout ce que je sais de l'espoir que je mets dans l'amour c'est qu'il n'appartient qu'à une femme de lui donner une réalité. ,René Magritte,
" L'amour est l'histoire de la vie des femmes, c'est un épisode dans la vie des hommes. ",Mme de Staël,
" Une existence sans amour, quoique l'on possède par ailleurs, est une vie vide, sans but. ",Leo Buscaglia,
" Nous avons de l'amour pour une ou deux femmes, de l'amitié pour deux ou trois amis, de la haine pour un seul ennemi, de la pitié pour quelques pauvres ; et le reste des hommes nous est indifférent. ",Jules Renard,    Journal                                
 L'harmonie la plus douce est le son de la voix de celle que l'on aime. ,Jean de La Bruyère,    Les Caractères                                
 Qu'est-ce donc que l'amour ! Une maladie à laquelle l'homme est sujet à tout âge. ,Giacomo Casanova,    Histoire de ma vie                                
" L'amour est comme les maladies épidémiques. Plus on les craint, plus on y est exposé. ",Nicolas Chamfort,    Maximes et Pensées                                
" Amour est le grand point, qu'importe la maîtresse ? ",Alfred de Musset,    La Coupe et les Lèvres                                
 L'amour-propre nous augmente ou nous diminue les bonnes qualités de nos amis à proportion de la satisfaction que nous avons d'eux ; et nous jugeons de leur mérite par la manière dont ils vivent avec nous. ,La Rochefoucauld,    Maximes                                
 Un homme cruel avec les animaux ne peut être un homme bon. ,Mahatma Gandhi,
 L'habit ne fait pas le moine. ,William Shakespeare,"    Henri VIII, III, 1                                "
" L'épargne est une magnifique réalité, spécialement quand nos parents l'ont pratiquée. ",Mark Twain,
" L'argent est l'argent, quelles que soient les mains où il se trouve. C’est la seule puissance qu’on ne discute jamais. ",Alexandre Dumas,
 On a de tout avec de l'argent hormis des mœurs et des citoyens. ,Jean-Jacques Rousseau,    Discours sur les sciences et les arts                                
" Pour que le commerce puisse se bien faire, il faut que l'argent ait un prix, mais que ce prix soit peu considérable. S'il est trop haut, le négociant qui voit qu'il lui en coûterait plus en intérêts qu'il ne pourrait gagner dans son commerce, n'entreprend rien. Si l'argent n'a point de prix, personne n'en prête, et le négociant n'entreprend rien non plus. ",Montesquieu,    De l'esprit des lois                                
 Voulez-vous compter vos amis ? Empruntez-leur de l'argent. ,Alexandre Dumas fils,
" Tous les arts contribuent au plus grand de tous les arts, l'art de vivre. ",Bertolt Brecht,
" L'art, c'est ce qui résiste : il résiste à la mort, à la servitude, à l'infamie, à la honte. ",Gilles Deleuze,
 L'art est à la beauté ce que l'honneur est à l'honnêteté. ,Winston Churchill,
" Le seul défaut des œuvres de réelle valeur, c'est qu'elles en suscitent ordinairement beaucoup d'autres mauvaises ou simplement médiocres. ",Georg Christoph Lichtenberg,    Aphorismes                                
" L'art doit supprimer la violence, et seul il peut le faire. Sa mission est de faire régner le royaume de Dieu, c'est-à-dire de l'Amour. ",Romain Rolland,    La Vie de Tolstoï                                
" L'art varie simplement dans ses sources d'inspiration et dans ses modes d'exécution. Il peut même varier chez tel ou tel individu, en fonction de sa curiosité et de son sentiment de liberté. ",Man Ray,
 Les chefs-d'œuvre ne sont jamais que des tentatives heureuses. ,George Sand,    François le Champi                                
" Gagner de l'argent est un art, travailler est un art et faire de bonnes affaires est le plus bel art qui soit. ",Andy Warhol,
 Apprends les règles comme un professionnel afin de pouvoir les briser comme un artiste. ,Pablo Picasso,
 L'artiste ne compte que sur l'imprévu. ,Jules Renard,    Journal                                
" Messieurs, il faut de l'audace, encore de l'audace et toujours de l'audace et la France est sauvée. ",Danton,    Discours à l'Assemblée législative le 2 septembre 1792                                
 Le monde va être jugé par les enfants.  ,Georges Bernanos,
" Nous sommes agités de multiples façons par les causes extérieures et, tels les flots agités par des vents contraires, nous sommes ballottés en tous sens, ignorants de notre avenir et de notre destin. ",Baruch Spinoza,    Éthique                                
 L'homme sera juge de l'avenir par le passé. ,Sophocle,
 C'est de l'altitude qu'il faut prendre et non de l'avance. ,Gustave Thibon,
" Plaignons les tourterelles, qui ne se baisent qu'au printemps ! ",Ninon de Lenclos,
 Est beau ce qui procède d'une nécessité intérieure de l'âme. Est beau ce qui est beau intérieurement. ,Vassily Kandinsky,"    Du spirituel dans l’art, éd. Denoël                                "
 Nous ne vivons que pour découvrir la beauté. Tout le reste n'est qu'attente. ,Khalil Gibran,
 C'est la conscience humaine du beau qui différencie le beau du laid. ,Lao-Tseu,    Tao-te-King                                
 Rien de tout ce qui existe n'a jamais exercé sur moi un si fort pouvoir qu'une belle figure de femme. ,Giacomo Casanova,    Histoire de ma vie                                
 Être bête présente cet avantage que soi-même on ne s'en aperçoit pas. ,Tristan Bernard,
" Pour vivre heureux, il faut admettre que l'être humain est fondamentalement bête. ",Claude Chabrol,
" Le paradis, à n'en pas douter, n'est qu'une immense bibliothèque. ",Gaston Bachelard,
" Peu à peu, j'ai découvert que la ligne de partage entre le bien et le mal ne sépare ni les États ni les classes ni les partis, mais qu'elle traverse le cœur de chaque homme et de toute l'humanité. ",Alexandre Soljenitsyne,"    L'Archipel du Goulag, éd. Fayard                                "
" On cherche le bien sans le trouver, et l'on trouve le mal sans le chercher. ",Démocrite,
" Si tout le monde était heureux, personne ne le serait plus. ",Claude Aveline,
" Que l'homme est né pour le bonheur, certes toute la nature l'enseigne. C'est l'effort vers la volupté qui fait germer la plante, emplit de miel la ruche et le cœur de l'homme de bonté. ",André Gide,    Les Nouvelles Nourritures                                
" Il est donc facile de voir clairement combien notre bonheur dépend de ce que nous sommes, de notre individualité, tandis qu'on ne tient compte le plus souvent que de ce que nous avons ou de ce que nous représentons. ",Arthur Schopenhauer,    Aphorismes sur la sagesse dans la vie                                
 Le bonheur c'est quand le temps s'arrête. ,Gilbert Cesbron,
" Le bonheur ça existe, ça compte ; pourquoi le refuser ? En l'acceptant on n'aggrave pas le malheur des autres et même ça aide à lutter pour eux. Je trouve regrettable cette honte qu'on éprouve à se sentir heureux. ",Albert Camus,
" Avoir l'air d'être heureux n'est pas le bonheur, l'homme véritablement heureux l'est au fond du cœur. ",Publilius Syrus,
" Il est bien vrai que nous devons penser au bonheur d'autrui ; mais on ne dit pas assez que ce que nous pouvons faire de mieux pour ceux qui nous aiment, c'est encore d'être heureux. ",Alain,
" L'essentiel pour le bonheur de la vie, c'est ce que l'on a en soi-même. ",Arthur Schopenhauer,
" La raison pour laquelle tant de gens trouvent qu'il est si difficile d'être heureux c'est qu'ils imaginent toujours le passé meilleur qu'il ne l'était, le présent pire qu'il n'est vraiment et le futur plus compliqué qu'il ne sera. ",Marcel Pagnol,
" Le bonheur n'est pas un but qu'on poursuit âprement, c'est une fleur que l'on cueille sur la route du devoir. ",John Stuart Mill,
" [...] être aimé ne donne pas le bonheur. Mais aimer, c'est ça le bonheur. ",Hermann Hesse,"    Le dernier été de Klingsor, éd. Calmann-Lévy                                "
 Le bonheur est comme l'été : il n'irradie pas. Rien à attendre de son souvenir pour les jours où nous aurons froid. ,Henry de Montherlant,    Le Démon du bien                                
" Le bonheur est un état de l'âme, par conséquent il ne peut être durable : c'est un nom abstrait composé de quelques idées de plaisir. ",Voltaire,
 Les gens ne connaissent pas leur bonheur... mais celui des autres ne leur échappe jamais. ,Pierre Daninos,
" Personne n’est propriétaire du bonheur, on a parfois la chance d’avoir un bail, et d'en être locataire. Il faut être très régulier sur le paiement de ses loyers, on se fait exproprier très vite. ",Marc Levy,    Et si c'était vrai...                                
" Il n'est pas nécessaire de vivre, mais il l'est de vivre heureux. ",Jules Renard,    Journal                                
" Il faudrait essayer d'être heureux, ne serait-ce que pour donner l'exemple. ",Jacques Prévert,
" Les gens ne comptent que leur malheur ; leur bonheur, ils ne le comptent jamais. S'ils le comptaient comme il faut, ils comprendraient que chacun a sa part en réserve. ",Fedor Dostoïevski,    Les Carnets du sous-sol                                
 Le bonheur et la satisfaction humaine doivent en dernier ressort provenir de l'intérieur de soi. C'est une erreur que d'attendre une satisfaction ultime à partir de l'argent ou de la technologie. ,Dalaï Lama,
 La source la plus directe du bonheur est une humeur enjouée. Cette qualité trouve tout de suite sa récompense en elle-même. ,Arthur Schopenhauer,
" Le bonheur n'est pas le fruit de la paix, le bonheur, c'est la paix même. ",Alain,
" La vraie supériorité de l'homme, c'est la bonté. ",Ludwig van Beethoven,    Carnets intimes                                
" La force de cervelle fait les entêtés, et le force d'esprit les caractères fermes. ",Joseph Joubert,    Pensées                                
 La célébrité c'est l'avantage d'être connu de ceux qui ne vous connaissent pas. ,Nicolas Chamfort,    Maximes et Pensées                                
 La fortune sourit aux audacieux. ,Virgile,    L'Enéide                                
" En ne changeant rien, rien ne change. ",Anthony Robbins,
" Le changement n'est pas l'exception, c'est la règle. Vous n'avez pas besoin de le chercher. Son éclat éblouit et il vous aveugle presque. ",Swami Prajnanpad,
 Et c'est une folie à nulle autre seconde que vouloir se mêler de corriger le monde. ,Molière,    Le Misanthrope                                
" Le peuple se trompe : on va bien plus facilement par les bouts, là où l'extrémité sert de borne d'arrêt et de guide, que par la voie du milieu large et ouverte, mais bien moins noblement et de façon moins estimable. ",Montaigne,    Essais                                
" Choisir, s'est se priver du reste. ",André Gide,
 Le cinéma c'est de l'art de faire faire de jolies choses à de jolies femmes. ,François Truffaut,
 Qui nierait que le cinéma sonore nous a fait découvrir le silence ? Le silence est la plus belle conquête du parlant. ,Henri Jeanson,
 Il existe infiniment plus d'hommes qui acceptent la civilisation en hypocrites que d'hommes vraiment civilisés. ,Sigmund Freud,    Le malaise de la civilisation                                
 Les cœurs sont trop précieux pour qu'on les brise. ,Robert Baden-Powell,
 On ne voit bien qu'avec le cœur. L'essentiel est invisible pour les yeux. ,Antoine de Saint-Exupéry,    Le Petit Prince                                
 La véritable école du Commandement est la culture générale. ,Charles de Gaulle,    Vers l'armée de métier                                
 Une des pires bassesses est de considérer la compassion comme une forme de bassesse. ,Edgar Morin,Fil Twitter d'Edgar Morin 
 Les hommes passent la moitié de leur temps à se forger des chaînes et l'autre moitié à les porter. ,Octave Mirbeau,
 J'ai plus de plaisir à comprendre les hommes qu'à les juger. ,Stefan Zweig,
 La confiance est une des possibilités divines de l'homme. ,Henry de Montherlant,
" Dans la vie, il ne faut compter que sur soi... et encore pas beaucoup ! ",Tristan Bernard,
" Connaître, c'est comprendre toute chose au mieux de nos intérêts. ",Friedrich Nietzsche,    La Volonté de puissance                                
" Ce n'est pas seulement notre ignorance, c'est notre connaissance qui nous aveugle. ",Edgar Morin,
" Le point de départ d'une pensée vraie est dans la connaissance de soi. Si l'on ne se comprend pas soi-même, l'on n'a aucune base pour penser ; ce que l'on pense n'est pas vrai. ",Jiddu Krishnamurti,    La Première et Dernière Liberté                                
" Le sage possède la connaissance de toutes les choses, dans la mesure où cela est possible. ",Aristote,
" En soi réside le monde entier et si tu sais regarder et apprendre, la porte est là et la clé est dans ta main. ",Jiddu Krishnamurti,
 On ne se découvre qu'en se tournant vers ce que l'on n'est pas. ,Paul Auster,
 Tout ce qui nous irrite chez les autres nous conduit à une meilleure connaissance de nous-mêmes. ,Carl Gustav Jung,
" Il y a trois choses extrêmement dures : l'acier, le diamant et se connaître soi-même. ",Benjamin Franklin,
 L'homme n'a rien de mieux à faire qu'essayer d'être en parfait accord avec lui-même. ,Sigmund Freud,    Cinq leçons sur la psychanalyse                                
" La conscience est bien plus que l'écharde, elle est le poignard dans la chair. ",Emil Cioran,
 Le plus grand théâtre de la vertu est la conscience. ,Cicéron,
" La conscience, c'est le chaos des chimères, des convoitises et des tentations, la fournaise des rêves, l'antre des idées dont on a honte ; c'est le pandémonium des sophismes, c'est le champ de bataille des passions. ",Victor Hugo,    Les Misérables                                
 Que dit ta conscience ? Tu dois devenir l'homme que tu es. ,Friedrich Nietzsche,    Le Gai Savoir                                
" Contentons-nous de faire réfléchir, c'est le plus sûr moyen de convaincre. ",Georges Braque,
 Vivre en couple : je ne vois pas pourquoi je sacrifierais l'admiration de milliers de femmes au sens critique d'une seule. ,Jean Yanne,"    Je suis un être exquis, le cherche midi éditeur                                "
" La bravoure procède du sang, le courage vient de la pensée. ",Napoléon Bonaparte,    Maximes et pensées                                
" Le courage, c'est de chercher la vérité et de la dire ; c'est de ne pas subir la loi du mensonge triomphant qui passe, et de ne pas faire écho, de notre âme, de notre bouche et de nos mains aux applaudissements imbéciles et aux huées fanatiques. ",Jean Jaurès,
" Créer, c'est vivre deux fois. ",Albert Camus,"    Essais, éd. Gallimard                                "
 Créer est aussi difficile que d'être libre. ,Elsa Triolet,    La mise en mots                                
 Un écrivain raté peut faire un excellent critique puisqu'avec du mauvais vin on fait d'excellents vinaigres. ,Alphonse Allais,
 Le bon critique est celui qui raconte les aventures de son âme au milieu des chefs-d'œuvre. ,Anatole France,
" Où l'homme cesse de connaître, il commence à croire. ",Friedrich Nietzsche,"    La Naissance de la philosophie à l'époque de la tragédie grecque, éd. Gallimard                                "
" Il y a assez de lumière pour ceux qui ne désirent que de voir, et assez d'obscurité pour ceux qui ont une disposition contraire. ",Blaise Pascal,    Pensées                                
" Les gens cultivés ont toujours une culture de retard, ils possèdent les idées des générations précédentes, ils ont des goûts de vieux. ",Éric-Emmanuel Schmitt,    Frédérick ou le Boulevard du Crime                                
" Je trouve que la télévision est très favorable à la culture. Chaque fois que quelqu'un l'allume chez moi, je vais dans la pièce à côté et je lis. ",Groucho Marx,
" Ce n'est pas par des paroles que s'engagent les décisions, mais seulement par le travail. ",Martin Heidegger,"    Qu’est-ce qu’une chose, Ed. Gallimard                                "
" Si nous n'avions point de défauts, nous ne prendrions pas tant de plaisir à en remarquer chez les autres. ",La Rochefoucauld,    Maximes                                
" La démocratie, c'est aussi le droit institutionnel de dire des bêtises. ",François Mitterrand,
" Il devrait y avoir en toute constitution un centre de résistance contre le pouvoir prédominant, et par conséquent dans une constitution démocratique un moyen de résistance contre la démocratie. ",John Stuart Mill,    Considérations sur le gouvernement représentatif                                
 La démocratie est un luxe de peuple avancé. ,Bernard Werber,"    L'Arbre des possibles, éd. Le Livre de Poche                                "
" En réalisant ses désirs, autrement dit en se réalisant soi-même, l'homme réalise l'absolu. ",Henry de Montherlant,
 La vie est l'expression d'un constant désir : personne n'est jamais satisfait. ,Charlie Chaplin,
 Les jeunes gens transforment leurs désirs en fantasmes parce qu'ils n'ont pas de revanche à prendre. ,Régis Debray,    La Neige brûle                                
 Seuls le désir et l'oisiveté nous rendent tristes. ,Anatole France,    Le Lys rouge                                
 Les destins conduisent celui qui accepte et traîne celui qui refuse. ,Sénèque,
" Le destin est un précepteur estimable, mais il coûte cher. ",Johann Wolfgang von Goethe,
" Dans toutes les existences, on note une date où bifurque la destinée, soit vers une catastrophe, soit vers le succès. ",La Rochefoucauld,    Maximes                                
" Dieu a tout créé. Dieu a créé le racisme. Mais Dieu a aussi créé l'antiracisme. Avec tout le respect que je lui dois, Dieu est un sacré fouteur de merde. ",Philippe Geluck,
" Je trouve que si Dieu n'existe pas, la vie est une farce tellement tragique qu'il faut espérer à tout prix qu'Il existe. ",Jean d'Ormesson,
" Douter de dieu, c'est y croire. ",Blaise Pascal,    Pensées                                
 Il me semble parfois qu'en créant l'homme Dieu ait surestimé ses possibilités. ,Oscar Wilde,
 Dieu est une maladie dont on se croit guéri parce que plus personne n'en meurt. ,Emil Cioran,"    Cahiers, 1957-1972                                "
" Pour être irremplaçable, il faut être différent. ",Coco Chanel,
" Si je diffère de toi, loin de te léser, je t'augmente. ",Antoine de Saint-Exupéry,
" Quand tout semble aller contre toi, souviens toi que l'avion décolle contre le vent, pas avec. ",Henry Ford,
 L'attention de celui qui écoute sert d'accompagnement à la musique du discours. ,Joseph Joubert,    Pensées                                
" Si vous ne sentez pas que la chose donnée par vous vous manque, vous n'avez rien donné. On ne donne que ce dont on se prive. ",Victor Hugo,    Tas de pierres                                
 Il est plus doux de donner que de recevoir. ,Épicure,
" Tout ce que j'ai reçu jusqu'à présent pour le plus vrai et assuré, je l'ai appris des sens, ou par les sens : or, j'ai quelques fois éprouvé que ces sens étaient trompeurs, et il est de la prudence de ne se fier jamais entièrement à ceux qui nous ont une fois trompés. ",René Descartes,"    Méditations Métaphysiques, éd. Garnier Flammarion Poche                                "
 Le doute est l'école de la vérité. ,Francis Bacon,
" Sans échec, pas de morale. ",Simone de Beauvoir,"    Pour une morale de l’ambiguïté, éd. Gallimard                                "
" Ce n'est pas la peur d'entreprendre, c'est la peur de réussir, qui explique plus d'un échec. ",Emil Cioran,"    De l'inconvénient d'être né, Folio essais                                "
" Tends l'oreille et écoute, tu entendras ta propre voix dans toutes les voix. ",Khalil Gibran,
" Il y a trois règles à respecter pour écrire un roman. Malheureusement, personne ne les connaît. ",Somerset Maugham,
" En partageant la joie, vous la multipliez. Et écrire, c'est partager pour multiplier. ",Christian Bobin,    Fil Twitter de Christian Bobin                                
 Une phrase n'est bien construite que si elle est écrite de telle manière que personne ne remarque qu'elle a été construite. ,James Baldwin,
" Écrire, c'est comme avoir un rendez-vous d'amour dangereux. J'ai toujours aimé la littérature. Elle m'a toujours aidée. C'est la seule réponse à la terre. Je n'ai jamais pensé que je lui rendais service. ",Françoise Sagan,"    Un certain regard, éd. L'Herne                                "
" Comment voulez-vous vivre sans écrire ? C'est tellement difficile de vivre que sans écrire, la vie n'est juste pas possible. ",Amélie Nothomb,
 J'écris seulement si quelque chose me coule du cœur jusqu'aux mains. ,Christian Bobin,
" Pour bien écrire, il faut sauter les idées intermédiaires, assez pour n'être pas ennuyeux, pas trop de peur de n'être pas entendu. ",Montesquieu,"    Voyages, Mes pensées, Histoire véritable                                "
 Chaque écrivain raconte toujours une même obsession. ,Umberto Eco,
" À la différence de l'historien qui voue un culte aux faits et les entoure d'un respect scrupuleux, l'écrivain n'a de plaisir (et peut-être d'utilité) qu'en les trahissant. ",Jean-Christophe Rufin,    Katiba - Ed. Flammarion                                
" Il faudrait bien comprendre que le rôle de l'école est d'apprendre aux enfants ce qu'est le monde, et non pas leur inculquer l'art de vivre. ",Hannah Arendt,
" L'éducation ne consiste pas simplement à passer des examens, à obtenir un diplôme et une situation, à se marier et à s'installer, mais encore à savoir comment écouter les oiseaux, comment voir le ciel, l'étonnante beauté d'un arbre, le dessin des collines, comment les sentir, comment être vraiment en contact avec toutes ces choses. ",Jiddu Krishnamurti,
" Ce que tout le monde appelle éducation est une machine à fabriquer des soldats de la pseudo-économie, et non de futurs êtres humains accomplis, capables de penser, de critiquer, de créer, de maîtriser et de gérer leurs émotions, ainsi que de ce que nous appelons spiritualité. ",Pierre Rabhi,    Vers la sobriété heureuse                                
 Les diplômes représentent un obstacle à la liberté de l'éducation. ,Ivan Illich,    Une société sans école - Ed Seuil                                
 L'inégalité est la cause de tout mouvement local. Il n'est point de repos sans égalité. ,Léonard de Vinci,
" Un régime civil et représentatif, né d'élections libres, soutenu par la loi et contrôlé par la liberté de la presse, même corrompu et inefficace, sera toujours préférable à une dictature. ",Mario Vargas Llosa,"    Les enjeux de la liberté, Ed. Gallimard                                "
 La sagesse commence dans l'émerveillement. ,Socrate,
" Tous les enfants ont du génie, le tout est de la faire apparaître. ",Charlie Chaplin,
" Les enfants aujourd'hui sont de véritables tyrans. Ils contredisent leurs parents, bâfrent leur nourriture et tyrannisent leurs professeurs. ",Socrate,
" Toutes les grandes personnes ont d'abord été des enfants, mais très peu s'en souviennent. ",Antoine de Saint-Exupéry,
 Entre nos ennemis ; Le plus à craindre sont souvent les plus petits. ,Jean de La Fontaine,    Le Lion et le Moucheron                                
 Ce qui ne me passionne pas m'ennuie. ,Sacha Guitry,
" Tout me lasse ; je remorque avec peine mon ennui avec mes jours, et je vais partout bâillant ma vie. ",François René de Chateaubriand,    Mémoires d'outre-tombe                                
" À voir ce que l'école exige aujourd'hui de nos fils, je me demande combien de pères seraient capables d'être des enfants. ",Paul Morand,    Eloge du repos                                
" Nous nous trompons toujours deux fois sur ceux que nous aimons : d'abord à leur avantage, puis à leur désavantage. ",Albert Camus,
 Le trop de promptitude à l'erreur nous expose. ,Pierre Corneille,
" Le propre de l'homme est sans doute de se tromper en compagnie, et de n'en point démordre aisément. ",Alain,
 Dieu a donné une sœur au souvenir et il l'a appelée espérance. ,Michel-Ange,
" L'espérance et la crainte sont inséparables, et il n'y a point de crainte sans espérance ni d'espérance sans crainte. ",La Rochefoucauld,    Maximes                                
" Parfois notre lumière s'éteint, puis elle est rallumée par un autre être humain. Chacun de nous doit de sincères remerciements à ceux qui ont ravivé leur flamme. ",Albert Schweitzer,
 On ne donne aux gens que l'espoir que l'on a. ,Alain,    Propos sur le bonheur                                
 C'est la nuit qu'il est beau de croire à la lumière. ,Edmond Rostand,    Chantecler                                
 Les gens ne voient que ce qu'ils sont préparés à voir. ,Ralph Waldo Emerson,
 Il y a des choses qui viennent à l'esprit même de ceux qui n'en ont pas. ,Eugène Ionesco,
" Tout homme qui raille peut avoir de l'esprit ; il veut même en avoir plus que celui qu'il plaisante. La preuve en est que, si ce dernier répond, il est déconcerté. ",Montesquieu,
" Quand les peuples cessent d'estimer, ils cessent d'obéir. ",Antoine Rivarol,
" Il faut concevoir l'État contemporain comme une communauté humaine qui, dans les limites d'un territoire déterminé […], revendique avec succès pour son propre compte le monopole de la violence physique légitime. ",Max Weber,    Le Savant et le politique                                
" L'étonnement : voilà une affection qui est tout à fait d'un philosophe. En effet, la philosophie n'a pas d'autre origine. ",Platon,
 N'essaie pas d'être utile. Essaie d'être toi : cela suffit et cela fait toute la différence. ,Paulo Coelho,"    Le Manuscrit retrouvé, Ed. Flammarion                                "
 Le sel de l'existence est essentiellement dans le poivre qu'on y met. ,Alphonse Allais,
 La vie d'un homme n'est qu'une lutte pour l'existence avec la certitude d'être vaincu. ,Arthur Schopenhauer,
 L'autre est indispensable à mon existence. ,Jean-Paul Sartre,
 L'expérience : c'est là le fondement de toutes nos connaissances. ,John Locke,
 L'expérience est de loin la meilleure preuve. ,Francis Bacon,
" Malheur à l'homme qui, même dans l'amitié la plus intime, laisse découvrir son faible et sa prise. ",Nicolas Chamfort,    Maximes et Pensées                                
" Une femme n'est pas un instrument grossier que le premier rustre venu peut faire vibrer, c'est une lyre délicate qu'un souffle divin doit animer avant de lui demander l'hymne de l'amour. ",George Sand,
 Il faut avoir diablement aimé les femmes pour les détester. ,Paul Léautaud,
" Chez certaines femmes un doute est déjà un tourment, une scène est presque une rupture, une offense est à peu près irréparable. ",Henri-Frédéric Amiel,
" La pudeur leur va si bien quand elles en ont, si bien quand elles n'en ont plus, que je ne conçois guère de femmes qui ne désirent pas en avoir. ",Paul Morand,    Fermé la nuit                                
 Dieu n'a créé les femmes que pour apprivoiser les hommes. ,Voltaire,    L'Ingénu                                
" En Angleterre, rien n'est fait pour les femmes, même pas les hommes. ",Oscar Wilde,
" Libre, c'est le mot que l'on emploie pour les hommes. Des femmes en rupture de mariage ou de liaison, on dit qu'elles sont seules. ",Françoise Giroud,
" Je veux bien être embêté toute ma vie par les femmes, mais pas par la même. ",Alfred Capus,
" Gare à la flatterie, ma fille : trop de sucre gâte les dents. ",Mme de Sévigné,    Lettres                                
" La plus haute passion de l'homme, c'est la foi. ",Søren Kierkegaard,    Crainte et tremblement                                
" Une petite flamme de folie, si on savait comme la vie s'en éclaire ! ",Henry de Montherlant,
 Les vieux fous sont plus fous que les jeunes. ,La Rochefoucauld,    Maximes                                
 Le sentiment de nos forces les augmente. ,Vauvenargues,    Réflexions et Maximes                                
" Si vous ne sentez pas que la chose donnée par vous vous manque, vous n'avez rien donné. On ne donne que ce dont on se prive. ",Victor Hugo,    Tas de pierres                                
 Il est plus doux de donner que de recevoir. ,Épicure,
" Le vrai génie sans cœur est un non-sens. Car ni intelligence élevée, ni imagination, ni toutes deux ensemble ne font le génie.Amour ! Amour ! Amour ! Voilà l'âme du génie. ",Wolfgang Amadeus Mozart,
" Le génie n'est qu'un prêt : il faut le mériter par de grandes souffrances, par des épreuves modestement, fermement traversées. ",Jean-Paul Sartre,"    Les Mots, éd. Gallimard                                "
 On ne va pas chercher une épaulette sur le champ de bataille quand on peut l'avoir dans une antichambre. ,Napoléon Bonaparte,
" Sans le gouvernement, on ne rirait plus en France. ",Nicolas Chamfort,
" Le meilleur moyen de renverser un gouvernement, c'est d'en faire partie. ",Talleyrand,
" L'existence d'un marché libre n'élimine évidemment pas le besoin de gouvernement. Au contraire, le gouvernement est essentiel, à la fois comme forum pour déterminer les « règles du jeu » et comme arbitre pour interpréter et faire respecter les règles qui ont été adoptées. ",Milton Friedman,    Capitalisme et liberté                                
" Le gouvernement est stationnaire, l'espèce humaine est progressive. Il faut que la puissance du gouvernement contrarie le moins possible la marche de l'espèce humaine. ",Benjamin Constant,
" Il n'y a au monde que deux manières de s'élever : ou par sa propre industrie, ou par l'imbécillité des autres. ",Jean de La Bruyère,    Les Caractères                                
 La grandeur de l'Homme est grande en ce qu'il se connaît misérable. Un arbre ne se connaît pas misérable. ,Blaise Pascal,    Pensées                                
" Les hommes naissent tous en état de guerre, et la première loi naturelle est la guerre de tous contre tous. ",Montesquieu,    De l'esprit des lois                                
" La guerre, c'est la guerre des hommes, la paix, c'est la guerre des idées. ",Victor Hugo,
" Je ne sais pas comment sera la troisième guerre mondiale, mais je sais qu'il n'y aura plus beaucoup de monde pour voir la quatrième. ",Albert Einstein,
" Se sentir familier d'un lieu, c'est le début de la mort. ",Sylvain Tesson,"    Dans les forêts de Sibérie, Ed. Gallimard                                "
 La haine rend décidément encore plus bête que l'amour. C'est tout dire. ,Louis-Ferdinand Céline,
 Le hasard ne profite qu'aux esprits préparés. ,Louis Pasteur,
 L'histoire est une suite de mensonges sur lesquels on est d'accord. ,Napoléon Bonaparte,
 L'histoire ne repasse pas les plats. ,Louis-Ferdinand Céline,
" L'histoire est un roman qui a été, le roman est de l'histoire qui aurait pu être. ",Edmond et Jules de Goncourt,    Journal                                
" Si marcher sur deux jambes n'est pas naturel à l'homme, c'est quand même une invention qui lui fait honneur. ",Georg Christoph Lichtenberg,
" Un être qui s'habitue à tout, voilà, je pense, la meilleure définition qu'on puisse donner de l'homme. ",Fedor Dostoïevski,
" Un individu est un individu à cause des autres individus, autrement dit mon humanité est inextricablement liée à ce qu'est la vôtre. ",Nelson Mandela,    Un long chemin vers la liberté                                
 L'être humain est une lumière mais... la grâce lui fait peur. ,Nelson Mandela,
 Chaque homme porte la forme entière de l'humaine condition. ,Montaigne,    Essais                                
 Les hommes se distinguent par ce qu'ils montrent et se ressemblent par ce qu'ils cachent. ,Paul Valéry,
 Chaque homme doit inventer son chemin. ,Jean-Paul Sartre,
" Le fâcheux avec les hommes, c'est qu'ils vous déçoivent toujours, soit qu'on s'y fie, soit qu'on s'en méfie. ",Élie Fréron,
" Pour l'essentiel, l'homme est ce qu'il cache : un misérable petit tas de secrets. ",André Malraux,
" Parce que les gens libres, bien nés, bien éduqués, vivant en bonne société, ont naturellement un instinct, un aiguillon qu'ils appellent honneur qui les pousse toujours à agir vertueusement et les éloigne du vice. ",François Rabelais,    Gargantua                                
" Nous sommes passés d'une humanité primitive qui considérait qu'elle appartenait à la vie, à une humanité dite « évolué » qui considère que la vie lui appartient. Nous nous sommes érigés comme les propriétaires de la création. C'est la raison pour laquelle nous n'avons plus aucun respect pour rien. ",Pierre Rabhi,
" Une bibliothèque, c'est le carrefour de tous les rêves de l'humanité. ",Julien Green,
 L'humoriste est là pour désacraliser les choses en faisant des pirouettes autour de l'ordre établi. ,Jean Yanne,"    Je suis un être exquis, le cherche midi éditeur                                "
 Une idée qui n'est pas dangereuse ne vaut pas la peine d'être appelée idée. ,Elbert Green Hubbard,
" Nos idées se composent d'ombres et de clartés, d'obscurités et de lumières comme nos peintures. De sorte qu'on pourrait dire que nos idées les plus subtiles se forment par évaporation, opération qui n'a jamais lieu en certains esprits. ",Joseph Joubert,    Pensées                                
" En temps ordinaire, les idées simples rôdent comme des fantômes de rêve. Quand une idée simple prend corps, il y a une révolution. ",Charles Péguy,    Note conjointe sur M. Descartes                                
 Allez donc faire abandonner à l'homme de la rue une idée qu'il juge difficile à comprendre et qu'il croit avoir comprise. ,Henry de Montherlant,
 Une idée est fausse dès l'instant où l'on s'en contente. ,Alain,
" La bataille contre l'ignorance se gagne tous les jours, et elle finit par ouvrir sur des perspectives insoupçonnées. ",Dalaï Lama,
" En ce monde l'on n'est sûr de rien, puisque la lumière est une illusion, puisque le bruit est une illusion. ",Guy de Maupassant,    Le Horla                                
" L'imagination est la faculté qui donne du relief, de l'éclat, du mordant à la pensée : par elle, l'expression se concentre, se colore, et se trempe ; en individualisant ce qu'elle touche, elle le vivifie et le consacre. ",Henri-Frédéric Amiel,
" Il y a quelque chose de plus important que la logique, c'est l'imagination. ",Alfred Hitchcock,
 Il faut que l'imagination prenne trop pour que la pensée ait assez. ,Gaston Bachelard,    L'Air et les Songes                                
" Quatre sortes de personnes dans le monde : les amoureux, les ambitieux, les observateurs et les imbéciles. Les plus heureux sont les imbéciles. ",Hippolyte Taine,
" La pire des maladies actuelles n'est ni la lèpre ni la tuberculose, mais le sentiment d'être indésirable, mal aimé, abandonné de tous. Le pire des péchés est le manque d'amour et de générosité, la terrible indifférence envers son prochain... ",Mère Teresa,
 L'injustice est une mère qui n'est jamais stérile et qui produit des enfants dignes d'elle. ,Adolphe Thiers,
 Les hommes sont les êtres les plus faibles du monde parce qu'ils sont intelligents. L'intelligence est exactement l'art de perdre de vue. ,Jean Giono,
" Des fois, je me dis que la preuve qu'il y a des êtres intelligents ailleurs que sur Terre est qu'ils n'ont pas essayé de nous contacter. ",Bill Watterson,    Calvin et Hobbes                                
 Rien n'existe dans notre intelligence qui n'ait d'abord été dans nos sens. ,Démocrite,
 L'entendement ne connaît rien que par concepts ; il ne connaît jamais rien par simple intuition. ,Emmanuel Kant,
" L'esprit qui invente est toujours mécontent de ses progrès, parce qu'il voit au-delà. ",Jean Le Rond d'Alembert,
" La jalousie est une preuve de cœur, comme la goutte, de jambes. ",Paul-Jean Toulet,"    Monsieur du Paur, homme public                                "
 Sachons faire confiance à la jeunesse pour conserver à la vie sa valeur suprême. ,Simone Veil,
 Il vaut mieux gâcher sa jeunesse que de n'en rien faire du tout. ,Georges Courteline,
" Pour apprécier la joie a sa pleine mesure, il faut quelqu'un avec qui la partager. ",Mark Twain,
 Un grain de gaieté assaisonne tout. ,Baltasar Gracián,
 Soulager une vessie pleine est une des grandes joies humaines. ,Henry Miller,"    Printemps noir, Ed Gallimard                                "
" Selon que serez puissant ou misérable, Les jugements de cour vous feront blanc ou noir. ",Jean de La Fontaine,    Les Animaux malades de la peste                                
" On a donc raison de dire que c'est par la pratique de la justice et de la tempérance qu'on devient juste et tempérant. Faute de cette pratique, nul ne deviendra honnête homme. ",Aristote,"    Éthique à Nicomaque, IV-5                                "
" Une opinion qui serait celle du plus grand nombre n'a pas le droit de dominer. C'est un mot tyrannique qui doit être banni de notre législation ; car si vous l'y mettez dans un cas, vous pouvez l'y mettre dans tous : vous aurez donc un culte dominant, une philosophie dominante, des systèmes dominants. Rien ne doit dominer que la justice, il n'y a de dominant que le droit de chacun, tout le reste y est soumis. ",Comte de Mirabeau,    Discours à l'Assemblée constituante le 23 juillet 1789                                
" C'est la prose qui donne l'empire à une langue, parce qu'elle est tout usuelle : la poésie n'est qu'un objet de luxe. ",Antoine Rivarol,    Maximes et pensées                                
 Pleure : les larmes sont les pétales du cœur. ,Paul Éluard,
" Qu'est ce qu'un livre si nous ne l'ouvrons pas ? Un simple cube de papier et de cuir avec des feuilles ; mais si nous le lisons, il se passe quelque chose d'étrange, je crois qu'il change à chaque fois. ",Jorge Luis Borges,
" Lire, c'est toujours interpréter. ",Henry Miller,
 La lecture d'un bon gros roman est à mains égards comparable à une longue liaison apaisante. ,Stephen King,
 Lire c'est voyager. Voyager c'est lire. ,Victor Hugo,
" Quand la vérité n'est pas libre, La liberté n'est pas vraie. ",Jacques Prévert,
" La société n'aime pas la liberté car elle n'engendre pas l'ordre, la cohésion sociale, la communauté utile mais plutôt l'éclatement des activités, l'individualisation et l'atomisation sociale. La liberté fait peur, angoisse : elle inquiète l'individu, qui se retrouve face à lui-même, dans le doute, devant la possibilité de choisir, donc d'expérimenter le poids de la responsabilité. ",Michel Onfray,"    Antimanuel de philosophie, éd. Bréal                                "
" Des moments libres. Toute vie bien réglée a les siens, et qui ne sait pas les provoquer ne sait pas vivre. ",Marguerite Yourcenar,
" Si tu veux être heureux et libre, laisse les autres te mépriser. ",Sénèque,
" La liberté est la négation du principe de raison suffisante, qui veut que tout ce qui existe ait une raison. ",Arthur Schopenhauer,
" Être libre, c'est être maître de soi-même. ",Matthieu Ricard,
 La liberté commence où l'ignorance finit. ,Victor Hugo,
" La morale n'a pas d'autre source, d'autre stimulant, d'autre cause, d'autre objet que la liberté. Elle n'est elle-même rien que liberté. Toutes les restrictions qu'on a imposées à cette dernière dans le but de protéger la morale ont donc toujours tourné au détriment de celle-ci. ",Mikhaïl Bakounine,    Catéchisme révolutionnaire                                
 Les hommes se sont donné des chefs pour défendre leur liberté ! ,Jean-Jacques Rousseau,
" La liberté d'écrire et de parler impunément marque ou l’extrême bonté du prince, ou le profond esclavage du peuple ; on ne permet de dire qu'à celui qui ne peut rien. ",Denis Diderot,
" Être libre, c'est se faire ce captif volontaire de l'action pour la délivrance des autres. ",Abbé Pierre,
" On entend par « chef-d'oeuvre », en matière littéraire, un ensemble de vers ou de lignes dont on ne conçoit pas qu'un seul mot puisse être remplacé par un autre. ",Georges Courteline,
" La littérature, c'est du chagrin dominé par la grammaire. ",Jean d'Ormesson,
 Le roman est une machine inventée par l'homme pour l'appréhension du réel dans sa complexité. ,Louis Aragon,
 La littérature n'est pas une fin en soi. Un livre doit provoquer la discussion sinon il est inutile. ,Éric-Emmanuel Schmitt,    La Part de l'autre                                
" Dans tous mes livres je me mets nu et en même temps je me travestis par des mots, des choix, des attitudes, par la féerie. Je m'arrange pour ne pas être trop endommagé. ",Jean Genet,
 Le roman doit détruire les certitudes. ,Milan Kundera,
" Tout bon livre doit savoir provoquer l'attente : lire, c'est attendre la suite ! ",Frédéric Beigbeder,
 Il faut toujours regarder les livres par dessus l'épaule de l'auteur. ,Paul Valéry,    Tel quel                                
" Un livre est le produit d'un autre moi que celui que nous manifestons dans nos habitudes, dans la société, dans nos vices. ",Marcel Proust,
" Un beau livre, c'est celui qui sème à foison les points d'interrogation. ",Jean Cocteau,
" La nature ne fait ni serviteurs, ni maîtres, je ne veux ni donner ni recevoir de lois. ",Denis Diderot,
" La transgression réfléchie de la loi devient nécessaire quand les différentes formes de mobilisation, d'interpellation du pouvoir ont échoué. ",José Bové,Philosophie Magazine - n°51 juillet-août 2011                                
" Le mal que fait un homme vit après lui ; souvent, ses bonnes actions vont dans la terre avec ses os. ",William Shakespeare,    Jules César                                
 Je me porte bien par haine de la maladie. ,Elsa Triolet,"    Lettre à Lili, février 1939                                "
 Le malheur a cela de bon qu'il nous apprend à connaître nos vrais amis. ,Honoré de Balzac,
" Dans le mariage d'amour, on veut une réussite absolue ; réussite érotique, passionnelle, professionnelle, affective, familiale. Chacun des partenaires demande à l'autre des choses exorbitantes, la perfection en tout. Finalement, nous nous persécutons les uns les autres par le biais d'un idéal inhumain. ",Pascal Bruckner,"    La séduction est un mystère insondable, Coopération, nº 53, 28/12/2009                                "
" Les mariages usent l'amour, le fatiguent, le tirent vers le sérieux et le lourd qui est le lieux du monde. ",Christian Bobin,
" Quand on a vingt ans de plus qu'une femme, c'est elle qui vous épouse. ",Sacha Guitry,
 La femme mariée est un esclave qu'il faut savoir mettre sur un trône. ,Honoré de Balzac,
 La morphine a été inventée pour que les médecins puissent dormir tranquilles. ,Sacha Guitry,
 Méditer c’est regarder profondément dans le cœur des choses. ,Thich Nhat Hanh,
" La mémoire de la plupart des hommes est un cimetière abandonné, où gisent sans honneurs des morts qu'ils ont cessé de chérir. ",Marguerite Yourcenar,
" La mémoire est aussi paresseuse qu'hypocrite, elle ne retient que les meilleurs moments et les pires souvenirs, les temps forts, jamais la mesure du quotidien, qu'elle efface. ",Marc Levy,"    Le premier jour, Ed. Pocket                                "
" Je ne mens jamais, sauf quand je lis le journal à haute voix, évidemment... ",Jean Yanne,
" Parfois, le mensonge explique mieux que la vérité ce qui se passe dans l'âme. ",Maxime Gorki,    Les Vagabonds                                
" J'ai eu, d'abord, en voyant la plupart des grands, une crainte puérile. Dès que j'ai eu fait connaissance, j'ai passé, presque sans milieu, jusqu'au mépris. ",Montesquieu,
" La mer, c'est le cœur du monde. Vouloir visiter les océans, c'est aller se frotter aux couleurs de l'absolu. ",Olivier de Kersauson,"    Ocean's Songs, Ed. le cherche midi                                "
 La modestie est au mérite ce que les ombres sont aux figures dans un tableau : elle lui donne de la force et du relief. ,Jean de La Bruyère,    Les Caractères                                
 À quoi bon vivre si nul jamais n'enchante le monde ? ,Michel Serres,
" Avec le monde a commencé une guerre qui doit finir avec le monde, et pas avant : celle de l'homme contre la nature, de l'esprit contre la matière, de la liberté contre la fatalité. L'histoire n'est pas autre chose que le récit de cette interminable lutte. ",Jules Michelet,    Introduction à l'histoire universelle                                
" Ce qui est incompréhensible, c'est que le monde soit compréhensible. ",Albert Einstein,
 La raison pure est pratique par elle seule et donne à l'homme une loi universelle que nous nommons la loi morale. ,Emmanuel Kant,
" Je ne crois pas du tout savoir quelque chose après ma mort, ça je n'y compte pas ! Je sais qu'il y a des millions de gens qui croient que la mort est le début d'une autre vie, ce n'est pas mon cas. Pour moi la mort est la fin de la vie, point. Mais s'il y a autre chose, tant mieux ! ",Jean-Claude Carrière,
" Si j'ai l'occasion, j'aimerais mieux mourir de mon vivant ! ",Coluche,
" Une vie heureuse, bien remplie, dont on ne regrette rien conduit à la sérénité : le sentiment d'accomplissement vaut tous les sédatifs ; idem si l'on a eu une existence sinistre, déplorable et nulle : on n'a dès lors aucune raison de regretter la fin d'une triste partie. Dans les deux cas, et personne n'échappe à cette alternative – vie réussie ou ratée … -, la mort n'est pas une catastrophe. ",Michel Onfray,"    Contre-histoire de la philosophie I. Les sagesses antiques, éd. Grasset                                "
" Partir, c'est mourir un peu, mais mourir, c'est partir beaucoup. ",Alphonse Allais,
" Ainsi, la mort n'est jamais ce qui donne un sens à la vie ; c'est, au contraire, ce qui lui ôte toute signification. ",Honoré de Balzac,
" Ainsi qu'une journée bien remplie donne un doux dormir, ainsi une vie bien employée donne un doux mourir. ",Léonard de Vinci,    Carnets                                
 Qui sait mourir n'a plus de maître. ,Sully Prudhomme,    Poésies                                
" Si un homme n'a pas découvert ce pourquoi il serait prêt à mourir, il n'est pas fait pour vivre. ",Martin Luther King,
" La mort est un monstre qui chasse du grand théâtre un spectateur attentif, avant qu'une pièce qui l'intéresse infiniment finisse. ",Giacomo Casanova,    Histoire de ma vie                                
" Quand on voit la vie telle que Dieu l'a faite, il n'y a qu'à le remercier d'avoir fait la mort. ",Alexandre Dumas fils,    Denise                                
" Les mots ont un pouvoir dévastateur : un mot vous sauve, un mot vous tue. Le jour où j'ai pris conscience de ça, je me suis dit, il y a quelque chose à creuser là-dedans et il y a une vraie nitroglycérine dans le langage, et si je peux la manipuler avec les précautions qui s'imposent, je peux à mon gré, tuer ou sauver,  c'est extraordinaire ! ",Amélie Nothomb,"    Les masterclasses, France Culture                                "
 Prudence devant les formules. Elles sont parfois comme le tonnerre : elles frappent mais n'éclairent pas. ,Albert Camus,    Carnets III                                
 Le mot donne à la pensée son existence la plus haute et la plus noble. ,Baruch Spinoza,
 Les mots qui ont un son noble contiennent toujours de belles images. ,Marcel Pagnol,    La Gloire de mon père                                
 La véritable musique est le silence et toutes les notes ne font qu'encadrer ce silence. ,Miles Davis,
" La musique nous aide à construire nos vies spirituelles, nous apaise, nous console, nous redonne de la joie, nous rend allègre, nous fait danser, chanter. ",Éric-Emmanuel Schmitt,    Interview sur Evene.fr - Oct. 2005                                
" L'amour et la musique peuvent tout, tout hormis n'être pas. ",Hélène Grimaud,    Variations sauvages                                
" Un mélomane est un monsieur qui, lorsqu'il entend Ornella Muti chanter dans sa salle de bains, s'approche du trou de la serrure... pour y coller l'oreille ! ",Woody Allen,
" Je n'écris pas la musique, je l'invente. ",Igor Stravinsky,
" Nous naissons, pour ainsi dire, en deux fois : l'une pour exister, et l'autre pour vivre ; l'une pour l'espèce et l'autre pour le sexe. ",Jean-Jacques Rousseau,    Émile ou de l'éducation                                
" La nature n'est pas seulement matière, elle est aussi esprit. ",Carl Gustav Jung,
 C'est une triste chose de songer que la nature parle et que le genre humain n'écoute pas. ,Victor Hugo,
" En permettant l'homme, la nature a commis beaucoup plus qu'une erreur de calcul ; un attentat contre elle-même. ",Emil Cioran,
" Avant, j'avalais n'importe quoi. Maintenant je ne mange que de la nourriture. ",Groucho Marx,
 Un objectif correctement défini est à moitié atteint. ,Zig Ziglar,
" Quand on se propose un but, le temps, au lieu d'augmenter, diminue. ",Antoine Rivarol,
 L'oisiveté est comme la rouille ; elle use plus que le travail. ,Benjamin Franklin,
 Une opinion n'est pas l'opinion du nombre. ,Antoine de Saint-Exupéry,
 Le mensonge et la crédulité s'accouplent et engendrent l'opinion. ,Paul Valéry,
" Trois idéaux ont éclairé ma route et m'ont souvent redonné le courage d'affronter la vie avec optimisme : la bonté, la beauté et la vérité. ",Albert Einstein,
" C'est très mal vu d'être optimiste. Les gens adorent annoncer les nouvelles, surtout les mauvaises. ",Jean Carmet,    Je suis la badaud de moi-même - Ed. Plon                                
" On est orgueilleux par nature, modeste par nécessité. ",Pierre Reverdy,
" La paix n'est pas l'absence de la guerre, mais une vertu qui naît de la force de l'âme. ",Baruch Spinoza,
" Paix et liberté marchent main dans la main. Mais aujourd'hui, il arrive trop souvent que la paix ne règne pas dans nos villes, parce que la liberté y est incomplète. ",John Fitzgerald Kennedy,
 Le pardon n'est peut-être que la forme la plus raffinée de la vengeance. ,Paul-Jean Toulet,
" Élève tes mots, pas ta voix. C'est la pluie qui fait grandir les fleurs, pas le tonnerre. ",Djalâl Al-Dîn Rûmi,
 Parler beaucoup de soi est peut-être un moyen de se dissimuler. ,Friedrich Nietzsche,    Par de-là le bien et le mal                                
" Il y a des gens qui parlent, qui parlent, qui parlent - jusqu'à ce qu'ils aient enfin trouvé quelque chose à dire. ",Sacha Guitry,
" C'est une grande misère que de n'avoir pas assez d'esprit pour bien parler, ni assez de jugement pour se taire. ",Jean de La Bruyère,    Les Caractères                                
" Notre passé n'a que le poids que nous lui laissons ; la réflexion, le travail nous permettent de l'alléger. ",Éric-Emmanuel Schmitt,    La Part de l'autre                                
 On ne met pas son passé dans sa poche ; il faut avoir une maison pour l'y ranger. ,Jean-Paul Sartre,
 La logique des passions renverse l'ordre traditionnel du raisonnement et place la conclusion avant les prémisses. ,Albert Camus,"    L'Homme révolté, éd. Gallimard                                "
" Ce qui distingue le fou du sage, c'est que le premier est guidé par les passions, le second par la raison. ",Érasme,
" La passion fait souvent un fou du plus habile homme, et rend souvent les plus sots habiles. ",La Rochefoucauld,    Maximes                                
 Les grandes souffrances qui peuvent délabrer à jamais une vie affective ne se rencontrent que chez ceux qui connaissent la passion. ,Boris Cyrulnik,
 Vous pouvez tout avoir. Vous ne pouvez juste pas tout avoir en même temps. ,Oprah Winfrey,
 C'est de l'enfer des pauvres qu'est fait le paradis des riches. ,Victor Hugo,
" J'ai toujours eu la certitude qu'éliminer la pauvreté de la planète était davantage une affaire de volonté que de moyens financiers. [...] La charité, de son côté, ne résout rien. Elle ne fait que perpétuer la pauvreté en retirant aux pauvres toute initiative. ",Muhammad Yunus,    Vers un monde sans pauvreté                                
" Souvent, il me semble que la nuit est encore plus richement colorée que le jour. ",Vincent Van Gogh,
 Le peintre lutte et rivalise avec la nature. ,Léonard de Vinci,
" S'il n'y avait qu'une seule vérité, on ne pourrait pas faire cent toiles sur le même thème. ",Pablo Picasso,
" La couleur est mon obsession quotidienne, ma joie et mon tourment. ",Claude Monet,
 Les arrière-pensées que nous prêtons aux autres ne sont jamais que nos propres pensées. ,Gilbert Cesbron,
 Nous ne parvenons jamais à nos pensées. Elles viennent à nous. ,Martin Heidegger,"    L'Expérience de la pensée, éd. Seghers                                "
" L'instinct, c'est l'âme à quatre pattes ; la pensée, c'est l'esprit debout. ",Victor Hugo,
" La pensée est le labeur de l'intelligence, la rêverie en est la volupté. ",Victor Hugo,    Les Misérables                                
" Certaines rudesses de forme sont garanties de l'intégrité de la pensée. Il n'est qu'une façon de dire, et pourquoi serait-elle plaisante ! ",Jean Rostand,
 Il est préférable de faire peu de choses mais à la perfection que beaucoup de choses de façon médiocre. ,Robin Sharma,
" Confronté à la roche, le ruisseau l'emporte toujours, non par la force mais par la persévérance. ",Confucius,
 La vérité de chacun est ce qui le grandit. ,André Maurois,
 Il est besoin que le peuple ignore beaucoup de choses vraies et en croie beaucoup de fausses. ,Montaigne,    Essais                                
 On domine plus facilement les peuples en excitant leurs passions qu'en s'occupant de leurs intérêts. ,Gustave Le Bon,
" Faut pas avoir peur des mots, seulement des gens. ",Frédéric Dard,
 Celui qui contrôle la peur des gens devient le maître de leurs âmes. ,Nicolas Machiavel,    Le Prince                                
" Ce n'est pas la philosophie qui donne des raisons de vivre, c'est la vie qui donne des raisons de penser. ",Raphaël Enthoven,"    Le Nouvel Observateur, 14/06/2007                                "
" Philosopher, c'est penser sa vie et vivre sa pensée. ",André Comte-Sponville,
 Le but de la philosophie est de penser par soi-même. ,Emmanuel Kant,
 Je pense que la philosophie est le plus beau moyen de régler ses comptes avec la mort. ,Umberto Eco,Philosophie Magazine - n°65 décembre 2012/janvier 2013                                
" Une grande philosophie n'est pas celle qui prononce des jugements définitifs, qui installe une vérité définitive. C'est celle qui introduit une inquiétude, qui ouvre un ébranlement. ",Charles Péguy,    Note conjointe sur M. Bergson                                
" Par la photographies, l'infini sauvage devient un infini domestique. ",Michel Tournier,
" La photographie, c'est la synthèse d'une situation. L'instant où tout s'assemble. L'idéal insaisissable. ",Elliott Erwitt,    Photographies 1946 - 1988                                
 Que de bonheurs possibles dont on sacrifie ainsi la réalisation à l'impatience d'un plaisir immédiat. ,Marcel Proust,
" Le plaisir n'est pas un mal en soi, mais certains plaisirs apportent plus de peine que de plaisir. ",Épicure,
" La moitié de la gloire de Baudelaire vient, non de ses grands vers, mais de ce qu'il n'est jamais content. ",Baudelaire,"    Dictionnaire égoïste de la littérature française, éd. Grasset                                "
 Le poète se consacre et se consume à définir et à construire un langage dans le langage. ,Paul Valéry,
 La poésie est de toutes les choses humaines la plus voisine des choses divines. ,Victor Hugo,
" La Poésie, c'est l'Enthousiasme cristallisé. ",Alfred de Vigny,
" Nommer un objet, c'est supprimer les trois quarts de la jouissance du poème qui est faite du bonheur de deviner peu à peu : le suggérer, voilà le rêve. ",Stéphane Mallarmé,
 Les plus beaux vers sont ceux qui s'exhalent comme des sons ou des parfums. ,Joseph Joubert,    Pensées                                
" Être de gauche c'est d'abord penser le monde, puis son pays, puis ses proches, puis soi ; être de droite c'est l'inverse. ",Gilles Deleuze,
" Un politicien ne peut faire carrière sans mémoire, car il doit se souvenir de toutes les promesses qu'il lui faut oublier. ",Frédéric Dard,
" Tout n'est pas politique, mais la politique s'intéresse à tout. ",Nicolas Machiavel,
" J'ai appris à redouter chez les hommes politiques, même chez les grands, un empirisme qui les soumet à l'événement. ",François Mauriac,
 L'objet principal de la politique est de créer l'amitié entre les membres de la cité. ,Aristote,
 Il vaut mieux se faire aimer que se faire craindre. ,Pythagore,
" Le vrai politique, c'est celui qui sait garder son idéal tout en perdant ses illusions. ",John Fitzgerald Kennedy,
 Toute classe qui aspire à la domination doit conquérir d'abord le pouvoir politique pour représenter à son tour son intérêt propre comme étant l'intérêt général. ,Karl Marx,
 Le pouvoir est l'aphrodisiaque suprême. ,Henry Kissinger,"    The Guardian, 28 novembre 1976                                "
" Il n'y a que l'instant présent, jusqu'à ce que celui-ci coïncide avec celui de notre mort. L'amour est encore la meilleure façon d'employer cet instant - une manière de séjourner auprès de ce que la vie a de plus faible et de plus doux. ",Christian Bobin,"    La plus que vive, éd Gallimard                                "
 J'apprends tous les jours davantage qu'on n'est jamais sûr du lendemain. ,Henri Lacordaire,
" Le présent n'est pas un passé en puissance, il est le moment du choix et de l'action. ",Simone de Beauvoir,"    Pour une morale de l'ambiguïté, éd. Gallimard                                "
" C'est joli le progrès ! Demain, quand on offrira un livre à un gamin, il le tournera dans tous les sens pour savoir où il faut mettre les piles. ",Coluche,
 Il vaut mieux débattre d'une question sans la régler que la régler sans en avoir débattu. ,Joseph Joubert,    Pensées                                
" La raison demande à chaque homme de s'aimer soi-même, de chercher ce qui lui est utile véritablement, de désirer tout ce qui le conduit réellement à une perfection plus grande. ",Baruch Spinoza,
 La raison nous trompe plus souvent que la nature. ,Vauvenargues,    Réflexions et Maximes                                
 Pour bien raisonner il faut n'être ni amoureux ni en colère. ,Giacomo Casanova,    Histoire de ma vie                                
" La raison demande à chaque homme de s'aimer soi-même, de chercher ce qui lui est utile véritablement, de désirer tout ce qui le conduit réellement à une perfection plus grande. ",Baruch Spinoza,
 La raison nous trompe plus souvent que la nature. ,Vauvenargues,    Réflexions et Maximes                                
 Pour bien raisonner il faut n'être ni amoureux ni en colère. ,Giacomo Casanova,    Histoire de ma vie                                
 La réalité ne se révèle qu'éclairée par un rayon poétique. ,Georges Braque,    Le Jour et la Nuit                                
" Trop souvent, nous jouissons du confort de l'opinion sans l'inconfort de la réflexion. ",John Fitzgerald Kennedy,
" On a tant abusé du regard dans les romans d'amour qu'on a fini par le déconsidérer. C'est à peine si l'on ose dire maintenant que deux êtres se sont aimés parce qu'ils se sont regardés. C'est portant comme cela qu'on s'aime et uniquement comme cela. Le reste n'est que le reste, et vient après. Rien n'est plus réel que ces grandes secousses que deux âmes se donnent en échangeant cette étincelle. ",Victor Hugo,    Les Misérables                                
" Quand je me regarde, je me désole. Quand je me compare, je me console. ",Talleyrand,
 Celui qui disperse ses regards sur tout ne voit rien ou voit mal. ,Denis Diderot,
" Entre deux individus, l'harmonie n'est jamais donnée, elle doit indéfiniment se conquérir. ",Simone de Beauvoir,    La Force de l'âge                                
 Combien il est contraire au dessein de Dieu que la vérité de sa religion soit aussi évidente et claire pour tous les hommes qu'une démonstration mathématique. ,Isaac Newton,
" Les péchés que vous faites deux à deux, vous devez les payer un à un. ",Rudyard Kipling,
" Une religion est un système solidaire de croyances et de pratiques relatives à des choses sacrées, c'est-à-dire séparées, interdites, croyances et pratiques qui unissent en une même communauté morale, appelée Église, tous ceux qui y adhèrent. ",Émile Durkheim,    Les formes élémentaires de la vie religieuse                                
" Il n'y pas de hasard dans les rencontres... [...] Les rencontres nous attendent mais parfois nous les empêchons d'avoir lieu... Si nous sommes désespérés et si nous n'avons plus rien à perdre, ou au contraire enthousiasmés par la vie, l'inconnu se manifeste et notre univers change. Les rencontres les plus importantes ont été préparées par les âmes bien avant que les corps ne se voient... ",Paulo Coelho,
" Même dans la solitude, ne dis ni ne fais rien de blâmable. Apprends à te respecter beaucoup plus devant ta propre conscience que devant autrui. ",Démocrite,
 Tous ceux qui réussissent font des efforts continus. Ils ne se contentent pas de bons résultats et cherchent toujours à se surpasser. ,Anthony Robbins,"    Les onze lois de la réussite, éd. J'ai lu                                "
 L'obstination est le chemin de la réussite. ,Charlie Chaplin,    Ma vie                                
 Qu'est-ce qui conditionne la réussite ? La capacité à soutenir un effort continu. ,Henry Ford,
 Il n'est rien de réel que le rêve et l'amour. ,Anna de Noailles,
" On ne peut rêver que si on a les pieds sur terre. Plus les racines sont profondes, plus les branches sont porteuses. ",Juliette Binoche,
 Le rêve est une seconde vie. Je n'ai pu percer sans frémir ces portes d'ivoire ou de corne qui nous séparent du monde invisible. ,Gérard de Nerval,"    Aurélia, éd. Gallimard                                "
" Rares sont ceux qui ont assez de folie pour entreprendre de réaliser leurs rêves, la société leur fait souvent payer une telle originalité. ",Marc Levy,"    Le premier jour, Ed. Pocket                                "
" Rêve de grandes choses, cela te permettra d'en faire au moins de toutes petites. ",Jules Renard,    Journal                                
" Pourquoi n'accorderais-je pas au rêve ce que je refuse parfois à la réalité, soit cette valeur de certitude en elle-même, qui, dans son temps, n'est point exposée à mon désaveu ? ",André Breton,"    Manifeste du surréalisme, éd. Gallimard                                "
" Dans les révolutions, il y a deux sortes de gens : ceux qui les font et ceux qui en profitent. ",Napoléon Bonaparte,
" Une personne très riche doit laisser suffisamment à ses enfants pour qu'ils fassent ce qu'ils veulent, mais pas assez pour qu'ils ne fassent rien. ",Warren Buffett,
" Le rire, c'est une espèce de palliatif aux angoisses existentielles. ",Pierre Desproges,
" Le rire est le propre de l'homme, car l'esprit s'y délivre des apparences. ",Alain,
 Rien ne désarme comme le rire. ,Henri Bergson,    Le Rire                                
 La sagesse permet de mieux résister aux aléas de la vie. Elle nous aide à savourer pleinement les moments heureux et à ne jamais désespérer dans les moments douloureux. ,Frédéric Lenoir,
" Sagesse n'est pas sagesse lorsqu'elle est trop fière pour pleurer, trop sérieuse pour rire et trop pensive pour parler. ",Khalil Gibran,
 Tout ce qui est véritablement sage est simple et clair. ,Maxime Gorki,
" La jeunesse est le temps d'étudier la sagesse, la vieillesse est le temps de la pratiquer. ",Jean-Jacques Rousseau,
" On ne reçoit pas la sagesse, il faut la découvrir soi-même, après un trajet que personne ne peut faire pour nous, ne peut nous épargner. ",Marcel Proust,    À la recherche du temps perdu                                
" Il n'est pas possible de vivre heureux sans être sage, honnête et juste, ni sage, honnête et juste sans être heureux. ",Épicure,
" Il y a trois savoirs : le savoir proprement dit, le savoir-faire, et puis le savoir-vivre : les deux derniers dispensent bien souvent du premier. ",Talleyrand,
 Il n'y a point d'homme au monde qui parvienne à savoir tout ; mais tout homme doit aspirer à tout savoir. ,Giacomo Casanova,    Histoire de ma vie                                
" La science ne souscrit à une loi ou une théorie qu'à l'essai, ce qui signifie que toutes les lois et les théories sont des conjectures ou des hypothèses provisoires. ",Karl Popper,"    Conjectures et réfutations, éd. Payot                                "
" On fait la science avec des faits, comme on fait une maison avec des pierres ; mais une accumulation de faits n'est pas plus une science qu'un tas de pierres n'est une maison. ",Henri Poincaré,"    La Science et l'Hypothèse, éd. Flammarion                                "
 La statistique est la première des sciences inexactes. ,Edmond et Jules de Goncourt,    Journal                                
" Rien ne pèse tant qu'un secret ; Le porter loin est difficile aux dames, Et je sais même sur ce fait, Bon nombre d'hommes qui sont femmes. ",Jean de La Fontaine,    Les Femmes et le Secret                                
 Les femmes jouissent d'abord par l'oreille. ,Marguerite Duras,
" Une femme a toujours, en vérité, la situation qu'elle impose par l'illusion qu'elle sait produire. ",Guy de Maupassant,
" Si c'est la raison qui fait l'homme, c'est le sentiment qui le conduit. ",Jean-Jacques Rousseau,    Julie ou la Nouvelle Héloïse                                
 Un petit mot sur la contraception orale. J'ai demandé à une fille de coucher avec moi et elle a dit non. ,Woody Allen,
" Notre société est vraiment trop permissive. Jamais encore la pornographie ne s'était étalée avec une telle impudeur. Et en plus, les clichés sont flous ! ",Woody Allen,
 Seul le silence permet de contempler l'autre. ,Pascal Quignard,
" Une société où le prestige ne correspond plus exactement aux services rendus, où les classes dirigeantes reçoivent plus de la communauté qu'elles ne lui donnent, est une société vouée à la ruine. ",Georges Bernanos,
" L'un des problèmes de notre société aujourd'hui, c'est que les gens ne veulent pas être utiles, mais importants. ",Winston Churchill,
" Nous vivons dans un monde où l'on se cache pour faire l'amour, mais où la violence se pratique à la pleine lumière du jour. ",John Lennon,
" Les moyens de transport rapide et de communication ont fait de notre merveilleuse terre un village, mais nous demeurons étrangers les uns aux autres, fragmentés par nos frontières, nos religions, nos races, nos idéologies, nos cultures. ",Pierre Rabhi,"    Conscience et environnement, Les Éditions du Relié                                "
 La division des hommes en acteurs et spectateurs est le fait central de notre temps. ,Jim Morrison,    Les Seigneurs : Notes sur la vision                                
" La solitude ne vient pas de l'absence de gens autour de nous, mais de notre incapacité à communiquer les choses qui nous semblent importantes. ",Carl Gustav Jung,
 Lire nous confirme que la solitude est un trésor. ,Sylvain Tesson,
 Il y a des gens qui augmentent votre solitude en venant la troubler. ,Sacha Guitry,
 Le meilleur moyen de s'endormir est de s'imaginer qu'il est l'heure de se lever. ,Groucho Marx,
 Il y a des sottises bien habillées comme il y a des sots très bien vêtus. ,Nicolas Chamfort,    Maximes et Pensées                                
 J'ai fait un pas immense le jour où j'ai compris que j'étais seul à entretenir mes souffrances... ,Jacques Salomé,
 On ne guérit d'une souffrance qu'à condition de l'éprouver pleinement. ,Marcel Proust,
 Il n'y a jamais rien de si beau qu'un sourire. ,Louis Aragon,    Les Adieux                                
" On ne se souvient pas des jours, on se souvient des instants. ",Cesare Pavese,
 Les bons souvenirs ne doivent pas être éphémères. ,Marc Levy,    Et si c'était vrai...                                
" Avec des certitudes, point de style. ",Emil Cioran,
" Le secret pour prendre de l'avance, c'est de commencer. ",Mark Twain,
 Le talent d'un homme est ce qui nous manque pour mépriser ou détruire ce qu'il a fait. ,Paul Valéry,    Mauvaises pensées et autres                                
 Le temps perdu c'est le temps pendant lequel on est à la merci des autres. ,Boris Vian,"    Boris Vian, Claire Julliard, éd. Folio                                "
" Maître des horloges, l'homme n'est pas pour autant le maître du temps. ",Bernard Pivot,Fil Twitter de Bernard Pivot 
" La vie est trop courte, le temps trop précieux, pour dire des choses inutiles. ",Voltaire,
" Avec le temps, seul demeure l'essentiel. ",Charles Pépin,
 Je considère que le temps mûrit toutes choses : par temps toutes choses viennent en évidence ; le temps est père de vérité. ,François Rabelais,"    Tiers Livres, XL                                "
" Le temps ferme toutes les blessures, même s'il ne nous épargne pas quelques cicatrices. ",Marc Levy,
 Le temps perdu ne se rattrape jamais. ,Robin Sharma,
" Le meilleur temps pour réparer sa toiture, c'est lorsque le soleil brille. ",John Fitzgerald Kennedy,
" Le temps est un grand maître, dit-on. Le malheur est qu'il tue ses élèves. ",Hector Berlioz,
 Le temps guérit les douleurs et les querelles. ,Blaise Pascal,    Pensées                                
 [...] la terre n'appartient pas à l'homme; l'homme appartient à la terre. ,Seattle,    Extrait d'un discours lors de négociations pour la vente de territoires indiens (1854)                                
 Le théâtre est le premier et le dernier des métiers. ,Voltaire,
" La discorde est le plus grand mal du genre humain, et la tolérance est le seul remède. ",Voltaire,
 Le travail c'est la santé... Mais à quoi sert alors la médecine du travail ? ,Pierre Dac,
" La racine du travail est parfois amère, mais la saveur de ses fruits est toujours exquise. ",Victor Hugo,
 Votre emploi du temps est le meilleur des baromètres. Il indique où se situent vos priorités. ,Robin Sharma,
" Travaillez, prenez de la peine, C'est le fond qui manque le moins. ",Jean de La Fontaine,    Le Laboureur et ses Enfants                                
" Si l'on veut gagner sa vie, il suffit de travailler. Si l'on veut devenir riche, il faut trouver autre chose. ",Alphonse Karr,
" J'aime beaucoup mieux être trompé que de vivre éternellement dans la défiance, fille de la lâcheté et mère de la dissension. ",Bossuet,
" Tant que l'univers aura un commencement, nous pouvons supposer qu'il a eu un créateur. Mais si réellement l'univers se contient tout entier, n'ayant ni frontières ni bord, il ne devrait avoir ni commencement ni fin : il devrait simplement être. Quel place reste-t-il alors pour un créateur ? ",Stephen Hawking,    Une brève histoire du temps - Ed. Fammarion                                
" Les rois font les hommes comme des pièces de monnaie, ils les font valoir ce qu'ils veulent et l'on est forcé de les recevoir selon leur cours, et non selon leur véritable prix. ",La Rochefoucauld,    Maximes                                
 On parle peu quand la vanité ne fait que parler. ,La Rochefoucauld,    Maximes                                
" Toute vérité franchit trois étapes. D'abord elle est ridiculisée. Ensuite, elle subit une forte opposition. Puis, elle est considérée comme ayant toujours été une évidence. ",Arthur Schopenhauer,
 Celui qui ne gueule pas la vérité lorsqu'il la connaît se fait complice des menteurs et des faussaires ! ,Charles Péguy,
" Il ne faut pas s'offenser que les autres nous cachent la vérité, puisque nous nous la cachons si souvent à nous-mêmes. ",La Rochefoucauld,    Maximes                                
 La vérité n'est jamais amusante. Sans cela tout le monde la dirait. ,Michel Audiard,
 La vérité n'est pas le bout du chemin ; elle est le chemin même. ,André Comte-Sponville,
 La vérité est une illusion et l'illusion est une vérité. ,Remy de Gourmont,
" Aimons la vérité qui nous reprend, et défions-nous de celle qui nous flatte. ",Louis Bourdaloue,
 Toutes les grandes vérités commencent par être des blasphèmes. ,George Bernard Shaw,
" Le chien, c'est la vertu qui, ne pouvant se faire homme, s'est faite bête. ",Victor Hugo,
 Nul ne s'est jamais perdu dans le droit chemin. ,Johann Wolfgang von Goethe,
" Vivre, c'est avoir la conscience d'être. ",Victor Hugo,
" Le sens de la vie est de trouver son don, le but de la vie est de le partager. ",Pablo Picasso,
" Quel courage il faut, à certains moments, pour choisir la vie ! ",Henrik Ibsen,
" Seule une bonne et belle vie, bien remplie, bien pleine, pas ratée, permet d'aborder sereinement la mort. ",Michel Onfray,"    Contre-histoire de la philosophie II. Le christianisme hédoniste, éd. Grasset                                "
" Je crois que le rire est la meilleure façon de brûler des calories. Je crois aux baisers, beaucoup de baisers. Je crois qu'il faut être fort quand tout semble aller mal. Je crois que demain est un autre jour et je crois aux miracles. ",Audrey Hepburn,
" Une vie, c'est fait avec de l'avenir, comme les corps sont faits avec du vide. ",Jean-Paul Sartre,
" Nous ne savons pas quoi faire de cette courte vie, et pourtant nous en désirons une autre qui soit éternelle. ",Anatole France,
" L'uniformité c'est la mort, la diversité c'est la vie. ",Mikhaïl Bakounine,
 La vie est trop courte pour être petite. ,Benjamin Disraeli,
" La vie doit être vécue en regardant vers l'avenir, mais elle ne peut être comprise qu'en se retournant vers le passé. ",Søren Kierkegaard,
 J’essaie de traquer les instants où transparaissent une possibilité de vraie vie. ,François Cheng,"    Extrait de ""La Grande Librairie""                                "
 Pourquoi gémir sur les détails de la vie ? C'est la vie entière qu'il faut déplorer. ,Sénèque,    Consolation à Marcia                                
" Dans la lutte pour la vie, celui qui est à bout de souffle, à bout d'arguments, à bout de moyens et à bout de tout n'est malheureusement et par contre pas au bout de ses peines. ",Pierre Dac,
" Quand on aime la vie, on aime le passé, parce que c'est le présent tel qu'il a survécu dans la mémoire humaine. ",Marguerite Yourcenar,
 Nous sommes tous tellement aveugles que nous ne savons jamais d'une façon certaine si ce que nous offre la vie est bon ou mauvais. ,Julien Green,
" On peut naître vieux, comme on peut mourir jeune. ",Jean Cocteau,
" Il n'y a aucun remède contre la naissance et la mort, sinon de profiter de la période qui les sépare. ",George Santayana,    Soliloques en Angleterre                                
 Nous sommes tous des amateurs. On ne vit pas assez longtemps pour être autre chose. ,Charlie Chaplin,
 Le sens de la vie est la plus pressante des questions. ,Albert Camus,
" Etre vieux, c'est être jeune depuis plus longtemps que les autres. ",Philippe Geluck,
 N'être plus écouté : c'est cela qui est terrible lorsqu'on est vieux. ,Albert Camus,
" Les conseils de la vieillesse éclairent sans échauffer, comme le soleil de l'hiver. ",Vauvenargues,    Réflexions et Maximes                                
 C'est une des pires humiliation de la vieillesse de ne rien recevoir que de la pitié. ,Hugues-Félicité Robert de Lamennais,
 Il n'y a nulle correspondance entre notre déchéance physique et notre cœur qui ne vieillit pas. ,François Mauriac,    Le Jeune Homme                                
 Un type qui ne boit pas de vin est un type qui ne connaîtra jamais le bonheur. ,Claude Chabrol,
" Si vous voulez vraiment faire quelque chose, vous trouverez un moyen. Sinon, vous trouverez une excuse. ",Jim Rohn,
" Imposer sa volonté aux autres, c'est force. Se l'imposer à soi-même, c'est force supérieure. ",Lao-Tseu,
 Celui qui choisit la route comme ligne de vie doit préférer regarder la lumière par la fenêtre plutôt que l'obscurité au fond de son puits. ,Sylvain Tesson,"    Sur les chemins noirs, éd. Gallimard                                "
" Ce que j'aime dans les voyages, c'est l'étonnement du retour. ",Stendhal,
 Les voyages prouvent moins de curiosité pour les choses que l'on va voir que l'ennui de celles que l'on quitte. ,Alphonse Karr,
