url theme,name theme,number
https://www.abc-citations.com/themes/absence/,Absence,17
https://www.abc-citations.com/themes/absolu/,Absolu,5
https://www.abc-citations.com/themes/absurdite/,Absurdité,7
https://www.abc-citations.com/themes/accomplissement/,Accomplissement,3
https://www.abc-citations.com/themes/actes/,Actes,7
https://www.abc-citations.com/themes/acteur/,Acteur,30
https://www.abc-citations.com/themes/action/,Action,114
https://www.abc-citations.com/themes/activite/,Activité,7
https://www.abc-citations.com/themes/admiration/,Admiration,9
https://www.abc-citations.com/themes/adolescence/,Adolescence,2
https://www.abc-citations.com/themes/adultere/,Adultère,6
https://www.abc-citations.com/themes/affaires/,Affaires,21
https://www.abc-citations.com/themes/affection/,Affection,4
https://www.abc-citations.com/themes/affirmation/,Affirmation,5
https://www.abc-citations.com/themes/age/,Âge,26
https://www.abc-citations.com/themes/agriculture/,Agriculture,7
https://www.abc-citations.com/themes/agroecologie/,Agroécologie,3
https://www.abc-citations.com/themes/aide/,Aide,2
https://www.abc-citations.com/themes/alcool/,Alcool,20
https://www.abc-citations.com/themes/altruisme/,Altruisme,17
https://www.abc-citations.com/themes/amant/,Amant,20
https://www.abc-citations.com/themes/ambition/,Ambition,23
https://www.abc-citations.com/themes/ame/,Âme,49
https://www.abc-citations.com/themes/amitie/,Amitié,171
https://www.abc-citations.com/themes/amour/,Amour,583
https://www.abc-citations.com/themes/amour-propre/,Amour-propre,21
https://www.abc-citations.com/themes/amusement/,Amusement,7
https://www.abc-citations.com/themes/analphabetisme/,Analphabétisme,1
https://www.abc-citations.com/themes/analyse/,Analyse,2
https://www.abc-citations.com/themes/anarchie/,Anarchie,4
https://www.abc-citations.com/themes/anglais/,Anglais,7
https://www.abc-citations.com/themes/angoisse/,Angoisse,9
https://www.abc-citations.com/themes/animal/,Animal,28
https://www.abc-citations.com/themes/anthropologie/,Anthropologie,2
https://www.abc-citations.com/themes/antipathie/,Antipathie,1
https://www.abc-citations.com/themes/apparences/,Apparences,26
https://www.abc-citations.com/themes/apprentissage/,Apprentissage,11
https://www.abc-citations.com/themes/architecture/,Architecture,15
https://www.abc-citations.com/themes/argent/,Argent,82
https://www.abc-citations.com/themes/aristocratie/,Aristocratie,1
https://www.abc-citations.com/themes/armee/,Armée,8
https://www.abc-citations.com/themes/armes/,Armes,6
https://www.abc-citations.com/themes/art/,Art,133
https://www.abc-citations.com/themes/artisanat/,Artisanat,2
https://www.abc-citations.com/themes/artiste/,Artiste,46
https://www.abc-citations.com/themes/atheisme/,Athéisme,9
https://www.abc-citations.com/themes/attente/,Attente,16
https://www.abc-citations.com/themes/attention/,Attention,9
https://www.abc-citations.com/themes/attitude/,Attitude,5
https://www.abc-citations.com/themes/audace/,Audace,17
https://www.abc-citations.com/themes/auteur/,Auteur,9
https://www.abc-citations.com/themes/automobile/,Automobile,2
https://www.abc-citations.com/themes/autorite/,Autorité,7
https://www.abc-citations.com/themes/auvergne/,Auvergne,2
https://www.abc-citations.com/themes/avarice/,Avarice,9
https://www.abc-citations.com/themes/avenir/,Avenir,76
https://www.abc-citations.com/themes/aventure/,Aventure,5
https://www.abc-citations.com/themes/avis/,Avis,11
https://www.abc-citations.com/themes/baiser/,Baiser,21
https://www.abc-citations.com/themes/barbarie/,Barbarie,2
https://www.abc-citations.com/themes/bateau/,Bateau,4
https://www.abc-citations.com/themes/beaute/,Beauté,78
https://www.abc-citations.com/themes/besoins/,Besoins,5
https://www.abc-citations.com/themes/betise/,Bêtise,34
https://www.abc-citations.com/themes/bibliotheque/,Bibliothèque,18
https://www.abc-citations.com/themes/bien/,Bien,33
https://www.abc-citations.com/themes/bien-etre/,Bien-être,2
https://www.abc-citations.com/themes/bienfaisance/,Bienfaisance,3
https://www.abc-citations.com/themes/bienveillance/,Bienveillance,12
https://www.abc-citations.com/themes/biodiversite/,Biodiversité,2
https://www.abc-citations.com/themes/biographie/,Biographie,1
https://www.abc-citations.com/themes/blessure/,Blessure,2
https://www.abc-citations.com/themes/boisson/,Boisson,4
https://www.abc-citations.com/themes/bon-sens/,Bon sens,10
https://www.abc-citations.com/themes/bonheur/,Bonheur,337
https://www.abc-citations.com/themes/bonte/,Bonté,31
https://www.abc-citations.com/themes/botanique/,Botanique,1
https://www.abc-citations.com/themes/bourgeoisie/,Bourgeoisie,8
https://www.abc-citations.com/themes/bureaucratie/,Bureaucratie,5
https://www.abc-citations.com/themes/cadeau/,Cadeau,1
https://www.abc-citations.com/themes/calendrier/,Calendrier,1
https://www.abc-citations.com/themes/calomnie/,Calomnie,8
https://www.abc-citations.com/themes/capacite/,Capacité,4
https://www.abc-citations.com/themes/capitalisme/,Capitalisme,16
https://www.abc-citations.com/themes/caractere/,Caractère,23
https://www.abc-citations.com/themes/caresses/,Caresses,5
https://www.abc-citations.com/themes/celebrite/,Célébrité,17
https://www.abc-citations.com/themes/celibat/,Célibat,6
https://www.abc-citations.com/themes/certitude/,Certitude,6
https://www.abc-citations.com/themes/cerveau/,Cerveau,6
https://www.abc-citations.com/themes/chagrin/,Chagrin,8
https://www.abc-citations.com/themes/chance/,Chance,26
https://www.abc-citations.com/themes/changement/,Changement,58
https://www.abc-citations.com/themes/chaos/,Chaos,7
https://www.abc-citations.com/themes/charite/,Charité,11
https://www.abc-citations.com/themes/chemin/,Chemin,18
https://www.abc-citations.com/themes/choix/,Choix,26
https://www.abc-citations.com/themes/chute/,Chute,1
https://www.abc-citations.com/themes/cinema/,Cinéma,39
https://www.abc-citations.com/themes/citations/,Citations,12
https://www.abc-citations.com/themes/civilisation/,Civilisation,26
https://www.abc-citations.com/themes/civisme/,Civisme,1
https://www.abc-citations.com/themes/clarte/,Clarté,8
https://www.abc-citations.com/themes/cle/,Clé,1
https://www.abc-citations.com/themes/clemence/,Clémence,2
https://www.abc-citations.com/themes/client/,Client,6
https://www.abc-citations.com/themes/cocu/,Cocu,9
https://www.abc-citations.com/themes/coeur/,Coeur,33
https://www.abc-citations.com/themes/colere/,Colère,14
https://www.abc-citations.com/themes/collectivite/,Collectivité,1
https://www.abc-citations.com/themes/combativite/,Combativité,3
https://www.abc-citations.com/themes/comedie/,Comédie,3
https://www.abc-citations.com/themes/comique/,Comique,5
https://www.abc-citations.com/themes/commandement/,Commandement,20
https://www.abc-citations.com/themes/commerce/,Commerce,15
https://www.abc-citations.com/themes/communaute/,Communauté,1
https://www.abc-citations.com/themes/communication/,Communication,15
https://www.abc-citations.com/themes/compassion/,Compassion,29
https://www.abc-citations.com/themes/competences/,Compétences,3
https://www.abc-citations.com/themes/compliments/,Compliments,4
https://www.abc-citations.com/themes/comportement/,Comportement,20
https://www.abc-citations.com/themes/comprehension/,Compréhension,22
https://www.abc-citations.com/themes/concept/,Concept,1
https://www.abc-citations.com/themes/confiance/,Confiance,28
https://www.abc-citations.com/themes/confiance-en-soi/,Confiance en soi,25
https://www.abc-citations.com/themes/conformisme/,Conformisme,3
https://www.abc-citations.com/themes/connaissance/,Connaissance,65
https://www.abc-citations.com/themes/connaissance-de-soi/,Connaissance de soi,89
https://www.abc-citations.com/themes/connerie/,Connerie,11
https://www.abc-citations.com/themes/conquete/,Conquête,3
https://www.abc-citations.com/themes/conscience/,Conscience,69
https://www.abc-citations.com/themes/conseils/,Conseils,16
https://www.abc-citations.com/themes/consideration/,Considération,4
https://www.abc-citations.com/themes/consommation/,Consommation,14
https://www.abc-citations.com/themes/construction/,Construction,2
https://www.abc-citations.com/themes/contemplation/,Contemplation,6
https://www.abc-citations.com/themes/contraintes/,Contraintes,1
https://www.abc-citations.com/themes/controle/,Contrôle,2
https://www.abc-citations.com/themes/conversation/,Conversation,10
https://www.abc-citations.com/themes/conviction/,Conviction,32
https://www.abc-citations.com/themes/convoitise/,Convoitise,2
https://www.abc-citations.com/themes/cooperation/,Coopération,1
https://www.abc-citations.com/themes/coquetterie/,Coquetterie,5
https://www.abc-citations.com/themes/corps/,Corps,5
https://www.abc-citations.com/themes/corruption/,Corruption,1
https://www.abc-citations.com/themes/couple/,Couple,23
https://www.abc-citations.com/themes/courage/,Courage,41
https://www.abc-citations.com/themes/courtisan/,Courtisan(e),2
https://www.abc-citations.com/themes/courtoisie/,Courtoisie,5
https://www.abc-citations.com/themes/crainte/,Crainte,6
https://www.abc-citations.com/themes/creation/,Création,35
https://www.abc-citations.com/themes/creativite/,Créativité,10
https://www.abc-citations.com/themes/credulite/,Crédulité,3
https://www.abc-citations.com/themes/crime/,Crime,11
https://www.abc-citations.com/themes/crise/,Crise,3
https://www.abc-citations.com/themes/critique/,Critique,33
https://www.abc-citations.com/themes/croissance/,Croissance,10
https://www.abc-citations.com/themes/croyance/,Croyance,34
https://www.abc-citations.com/themes/cuisine/,Cuisine,13
https://www.abc-citations.com/themes/culpabilite/,Culpabilité,2
https://www.abc-citations.com/themes/culture/,Culture,40
https://www.abc-citations.com/themes/cupidite/,Cupidité,1
https://www.abc-citations.com/themes/curiosite/,Curiosité,15
https://www.abc-citations.com/themes/cynisme/,Cynisme,1
https://www.abc-citations.com/themes/dandysme/,Dandysme,1
https://www.abc-citations.com/themes/danger/,Danger,5
https://www.abc-citations.com/themes/danse/,Danse,3
https://www.abc-citations.com/themes/deception/,Déception,8
https://www.abc-citations.com/themes/decision/,Décision,23
https://www.abc-citations.com/themes/decouragement/,Découragement,6
https://www.abc-citations.com/themes/decouvertes/,Découvertes,3
https://www.abc-citations.com/themes/defaite/,Défaite,7
https://www.abc-citations.com/themes/defauts/,Défauts,28
https://www.abc-citations.com/themes/delinquance/,Délinquance,2
https://www.abc-citations.com/themes/democratie/,Démocratie,50
https://www.abc-citations.com/themes/demonstration/,Démonstration,2
https://www.abc-citations.com/themes/depart/,Départ,3
https://www.abc-citations.com/themes/depression/,Dépression,3
https://www.abc-citations.com/themes/desert/,Désert,3
https://www.abc-citations.com/themes/desespoir/,Désespoir,15
https://www.abc-citations.com/themes/desir/,Désir,66
https://www.abc-citations.com/themes/desordre/,Désordre,6
https://www.abc-citations.com/themes/despotisme/,Despotisme,9
https://www.abc-citations.com/themes/destin/,Destin,41
https://www.abc-citations.com/themes/destinee/,Destinée,18
https://www.abc-citations.com/themes/destruction/,Destruction,1
https://www.abc-citations.com/themes/dettes/,Dettes,2
https://www.abc-citations.com/themes/devoir/,Devoir,15
https://www.abc-citations.com/themes/devotion/,Dévotion,2
https://www.abc-citations.com/themes/diable/,Diable,7
https://www.abc-citations.com/themes/dialogue/,Dialogue,3
https://www.abc-citations.com/themes/dictature/,Dictature,8
https://www.abc-citations.com/themes/dictionnaire/,Dictionnaire,8
https://www.abc-citations.com/themes/dieu/,Dieu,89
https://www.abc-citations.com/themes/difference/,Différence,34
https://www.abc-citations.com/themes/difficultes/,Difficultés,26
https://www.abc-citations.com/themes/dignite/,Dignité,3
https://www.abc-citations.com/themes/diplomatie/,Diplomatie,6
https://www.abc-citations.com/themes/discours/,Discours,17
https://www.abc-citations.com/themes/discretion/,Discrétion,2
https://www.abc-citations.com/themes/discussion/,Discussion,9
https://www.abc-citations.com/themes/divorce/,Divorce,9
https://www.abc-citations.com/themes/don/,Don,4
https://www.abc-citations.com/themes/douceur/,Douceur,13
https://www.abc-citations.com/themes/douleur/,Douleur,13
https://www.abc-citations.com/themes/doute/,Doute,37
https://www.abc-citations.com/themes/droit/,Droit,14
https://www.abc-citations.com/themes/droiture/,Droiture,1
https://www.abc-citations.com/themes/eau/,Eau,3
https://www.abc-citations.com/themes/echec/,Echec,33
https://www.abc-citations.com/themes/ecologie/,Ecologie,16
https://www.abc-citations.com/themes/economie/,Economie,12
https://www.abc-citations.com/themes/ecoute/,Ecoute,31
https://www.abc-citations.com/themes/ecriture/,Ecriture,128
https://www.abc-citations.com/themes/ecrivain/,Ecrivain,36
https://www.abc-citations.com/themes/education/,Education,75
https://www.abc-citations.com/themes/effort/,Effort,4
https://www.abc-citations.com/themes/egalite/,Egalité,23
https://www.abc-citations.com/themes/ego/,Ego,4
https://www.abc-citations.com/themes/egoisme/,Egoïsme,11
https://www.abc-citations.com/themes/elections/,Elections,19
https://www.abc-citations.com/themes/elegance/,Elégance,5
https://www.abc-citations.com/themes/eloges/,Eloges,7
https://www.abc-citations.com/themes/eloquence/,Eloquence,12
https://www.abc-citations.com/themes/emerveillement/,Emerveillement,19
https://www.abc-citations.com/themes/emmerdes/,Emmerdes,3
https://www.abc-citations.com/themes/emotions/,Emotions,12
https://www.abc-citations.com/themes/empathie/,Empathie,3
https://www.abc-citations.com/themes/emploi/,Emploi,3
https://www.abc-citations.com/themes/encouragement/,Encouragement,1
https://www.abc-citations.com/themes/enfance/,Enfance,50
https://www.abc-citations.com/themes/enfer/,Enfer,9
https://www.abc-citations.com/themes/engagement/,Engagement,8
https://www.abc-citations.com/themes/enigme/,Enigme,1
https://www.abc-citations.com/themes/ennemi/,Ennemi,21
https://www.abc-citations.com/themes/ennui/,Ennui,33
https://www.abc-citations.com/themes/enseignement/,Enseignement,23
https://www.abc-citations.com/themes/enthousiasme/,Enthousiasme,7
https://www.abc-citations.com/themes/entraide/,Entraide,1
https://www.abc-citations.com/themes/entrepreneuriat/,Entrepreneuriat,16
https://www.abc-citations.com/themes/entreprise/,Entreprise,8
https://www.abc-citations.com/themes/envie/,Envie,12
https://www.abc-citations.com/themes/epreuves/,Epreuves,3
https://www.abc-citations.com/themes/equilibre/,Équilibre,3
https://www.abc-citations.com/themes/equite/,Equité,2
https://www.abc-citations.com/themes/ermite/,Ermite,3
https://www.abc-citations.com/themes/erotisme/,Erotisme,13
https://www.abc-citations.com/themes/erreur/,Erreur,49
https://www.abc-citations.com/themes/esclavage/,Esclavage,13
https://www.abc-citations.com/themes/escroc/,Escroc,2
https://www.abc-citations.com/themes/esperance/,Espérance,41
https://www.abc-citations.com/themes/espoir/,Espoir,54
https://www.abc-citations.com/themes/esprit/,Esprit,61
https://www.abc-citations.com/themes/estime/,Estime,19
https://www.abc-citations.com/themes/etat/,Etat,19
https://www.abc-citations.com/themes/eternite/,Eternité,9
https://www.abc-citations.com/themes/ethique/,Ethique,5
https://www.abc-citations.com/themes/etonnement/,Etonnement,20
https://www.abc-citations.com/themes/etranger/,Etranger,4
https://www.abc-citations.com/themes/etre-soi/,Etre soi,17
https://www.abc-citations.com/themes/etude/,Etude,14
https://www.abc-citations.com/themes/europe/,Europe,6
https://www.abc-citations.com/themes/evenement/,Evénement,5
https://www.abc-citations.com/themes/evolution/,Evolution,4
https://www.abc-citations.com/themes/excellence/,Excellence,5
https://www.abc-citations.com/themes/exces/,Excès,5
https://www.abc-citations.com/themes/excuse/,Excuse,2
https://www.abc-citations.com/themes/exemple/,Exemple,7
https://www.abc-citations.com/themes/exil/,Exil,3
https://www.abc-citations.com/themes/existence/,Existence,53
https://www.abc-citations.com/themes/experience/,Expérience,41
https://www.abc-citations.com/themes/experts/,Experts,2
https://www.abc-citations.com/themes/facilite/,Facilité,1
https://www.abc-citations.com/themes/faiblesse/,Faiblesse,18
https://www.abc-citations.com/themes/faim/,Faim,3
https://www.abc-citations.com/themes/famille/,Famille,15
https://www.abc-citations.com/themes/fanatisme/,Fanatisme,13
https://www.abc-citations.com/themes/fatalite/,Fatalité,4
https://www.abc-citations.com/themes/faute/,Faute,16
https://www.abc-citations.com/themes/feminisme/,Féminisme,8
https://www.abc-citations.com/themes/femmes/,Femmes,129
https://www.abc-citations.com/themes/fermete/,Fermeté,4
https://www.abc-citations.com/themes/fete/,Fête,3
https://www.abc-citations.com/themes/fidelite/,Fidélité,16
https://www.abc-citations.com/themes/fierte/,Fierté,4
https://www.abc-citations.com/themes/finalite/,Finalité,1
https://www.abc-citations.com/themes/flatterie/,Flatterie,20
https://www.abc-citations.com/themes/foi/,Foi,27
https://www.abc-citations.com/themes/folie/,Folie,42
https://www.abc-citations.com/themes/fonctionnaires/,Fonctionnaires,6
https://www.abc-citations.com/themes/football/,Football,4
https://www.abc-citations.com/themes/force/,Force,32
https://www.abc-citations.com/themes/formation/,Formation,1
https://www.abc-citations.com/themes/fortune/,Fortune,6
https://www.abc-citations.com/themes/francais/,Français,12
https://www.abc-citations.com/themes/france/,France,8
https://www.abc-citations.com/themes/franchise/,Franchise,5
https://www.abc-citations.com/themes/fraternite/,Fraternité,12
https://www.abc-citations.com/themes/frontiere/,Frontière,9
https://www.abc-citations.com/themes/frustration/,Frustration,1
https://www.abc-citations.com/themes/fuite/,Fuite,1
https://www.abc-citations.com/themes/futur/,Futur,9
https://www.abc-citations.com/themes/galanterie/,Galanterie,3
https://www.abc-citations.com/themes/gastronomie/,Gastronomie,3
https://www.abc-citations.com/themes/generosite/,Générosité,36
https://www.abc-citations.com/themes/genie/,Génie,40
https://www.abc-citations.com/themes/gens/,Gens,9
https://www.abc-citations.com/themes/gentillesse/,Gentillesse,8
https://www.abc-citations.com/themes/gentleman/,Gentleman,1
https://www.abc-citations.com/themes/gloire/,Gloire,22
https://www.abc-citations.com/themes/gourmandise/,Gourmandise,7
https://www.abc-citations.com/themes/gout/,Goût,12
https://www.abc-citations.com/themes/gouvernement/,Gouvernement,66
https://www.abc-citations.com/themes/grandeur/,Grandeur,33
https://www.abc-citations.com/themes/gratitude/,Gratitude,9
https://www.abc-citations.com/themes/gratuite/,Gratuité,3
https://www.abc-citations.com/themes/gravite/,Gravité,7
https://www.abc-citations.com/themes/guerre/,Guerre,49
https://www.abc-citations.com/themes/habilete/,Habileté,13
https://www.abc-citations.com/themes/habitude/,Habitude,22
https://www.abc-citations.com/themes/haine/,Haine,32
https://www.abc-citations.com/themes/handicap/,Handicap,5
https://www.abc-citations.com/themes/hasard/,Hasard,26
https://www.abc-citations.com/themes/heroisme/,Héroïsme,13
https://www.abc-citations.com/themes/histoire/,Histoire,53
https://www.abc-citations.com/themes/historien/,Historien,6
https://www.abc-citations.com/themes/homme/,Homme,151
https://www.abc-citations.com/themes/honnetete/,Honnêteté,15
https://www.abc-citations.com/themes/honneur/,Honneur,17
https://www.abc-citations.com/themes/honte/,Honte,11
https://www.abc-citations.com/themes/humanisme/,Humanisme,4
https://www.abc-citations.com/themes/humanite/,Humanité,41
https://www.abc-citations.com/themes/humeur/,Humeur,7
https://www.abc-citations.com/themes/humiliation/,Humiliation,3
https://www.abc-citations.com/themes/humilite/,Humilité,15
https://www.abc-citations.com/themes/humour/,Humour,21
https://www.abc-citations.com/themes/hypocrisie/,Hypocrisie,9
https://www.abc-citations.com/themes/ideal/,Idéal,6
https://www.abc-citations.com/themes/idee/,Idée,82
https://www.abc-citations.com/themes/identite/,Identité,4
https://www.abc-citations.com/themes/ideologie/,Idéologie,2
https://www.abc-citations.com/themes/idoles/,Idoles,1
https://www.abc-citations.com/themes/ignorance/,Ignorance,28
https://www.abc-citations.com/themes/illusion/,Illusion,19
https://www.abc-citations.com/themes/images/,Images,5
https://www.abc-citations.com/themes/imagination/,Imagination,57
https://www.abc-citations.com/themes/imbecillite/,Imbécillité,18
https://www.abc-citations.com/themes/imitation/,Imitation,11
https://www.abc-citations.com/themes/immaturite/,Immaturité,1
https://www.abc-citations.com/themes/immigration/,Immigration,2
https://www.abc-citations.com/themes/immortalite/,Immortalité,10
https://www.abc-citations.com/themes/impatience/,Impatience,4
https://www.abc-citations.com/themes/imperfection/,Imperfection,3
https://www.abc-citations.com/themes/incertitude/,Incertitude,5
https://www.abc-citations.com/themes/incompetence/,Incompétence,2
https://www.abc-citations.com/themes/inconnu/,Inconnu,7
https://www.abc-citations.com/themes/inconscient/,Inconscient,10
https://www.abc-citations.com/themes/independance/,Indépendance,4
https://www.abc-citations.com/themes/indifference/,Indifférence,17
https://www.abc-citations.com/themes/indignation/,Indignation,3
https://www.abc-citations.com/themes/indiscretion/,Indiscrétion,2
https://www.abc-citations.com/themes/individu/,Individu,4
https://www.abc-citations.com/themes/individualisme/,Individualisme,3
https://www.abc-citations.com/themes/indulgence/,Indulgence,2
https://www.abc-citations.com/themes/infidelite/,Infidélité,8
https://www.abc-citations.com/themes/information/,Information,6
https://www.abc-citations.com/themes/informatique/,Informatique,3
https://www.abc-citations.com/themes/ingratitude/,Ingratitude,6
https://www.abc-citations.com/themes/initiative/,Initiative,1
https://www.abc-citations.com/themes/injustice/,Injustice,17
https://www.abc-citations.com/themes/innocence/,Innocence,1
https://www.abc-citations.com/themes/innovation/,innovation,10
https://www.abc-citations.com/themes/insouciance/,Insouciance,4
https://www.abc-citations.com/themes/inspiration/,Inspiration,13
https://www.abc-citations.com/themes/instinct/,Instinct,12
https://www.abc-citations.com/themes/instruction/,Instruction,8
https://www.abc-citations.com/themes/integrite/,Intégrité,6
https://www.abc-citations.com/themes/intellectuel/,Intellectuel,14
https://www.abc-citations.com/themes/intelligence/,Intelligence,59
https://www.abc-citations.com/themes/interet/,Intérêt,12
https://www.abc-citations.com/themes/internet/,Internet,7
https://www.abc-citations.com/themes/intimite/,Intimité,1
https://www.abc-citations.com/themes/intolerance/,Intolérance,4
https://www.abc-citations.com/themes/intuition/,Intuition,17
https://www.abc-citations.com/themes/invention/,Invention,17
https://www.abc-citations.com/themes/ironie/,Ironie,13
https://www.abc-citations.com/themes/isolement/,Isolement,1
https://www.abc-citations.com/themes/ivresse/,Ivresse,11
https://www.abc-citations.com/themes/jalousie/,Jalousie,24
https://www.abc-citations.com/themes/jardin/,Jardin,2
https://www.abc-citations.com/themes/jazz/,Jazz,5
https://www.abc-citations.com/themes/jeu/,Jeu,10
https://www.abc-citations.com/themes/jeunesse/,Jeunesse,34
https://www.abc-citations.com/themes/joie/,Joie,53
https://www.abc-citations.com/themes/jouissance/,Jouissance,2
https://www.abc-citations.com/themes/journal/,Journal,10
https://www.abc-citations.com/themes/jugement/,Jugement,20
https://www.abc-citations.com/themes/justice/,Justice,46
https://www.abc-citations.com/themes/lachete/,Lâcheté,7
https://www.abc-citations.com/themes/lachez-prise/,Lâchez-prise,10
https://www.abc-citations.com/themes/laicite/,Laïcité,1
https://www.abc-citations.com/themes/laideur/,Laideur,8
https://www.abc-citations.com/themes/lamentation/,Lamentation,1
https://www.abc-citations.com/themes/langage/,Langage,30
https://www.abc-citations.com/themes/larmes/,Larmes,21
https://www.abc-citations.com/themes/leadership/,Leadership,15
https://www.abc-citations.com/themes/lecture/,Lecture,80
https://www.abc-citations.com/themes/liberte/,Liberté,177
https://www.abc-citations.com/themes/litterature/,Littérature,65
https://www.abc-citations.com/themes/livres/,Livres,103
https://www.abc-citations.com/themes/logique/,Logique,8
https://www.abc-citations.com/themes/loi/,Loi,39
https://www.abc-citations.com/themes/loisir/,Loisir,4
https://www.abc-citations.com/themes/louanges/,Louanges,13
https://www.abc-citations.com/themes/lumiere/,Lumière,5
https://www.abc-citations.com/themes/luxe/,Luxe,6
https://www.abc-citations.com/themes/luxure/,Luxure,2
https://www.abc-citations.com/themes/machine/,Machine,3
https://www.abc-citations.com/themes/magnanimite/,Magnanimité,1
https://www.abc-citations.com/themes/mal/,Mal,23
https://www.abc-citations.com/themes/maladie/,Maladie,17
https://www.abc-citations.com/themes/malchance/,Malchance,1
https://www.abc-citations.com/themes/malheur/,Malheur,32
https://www.abc-citations.com/themes/malhonnetete/,Malhonneteté,1
https://www.abc-citations.com/themes/management/,Management,6
https://www.abc-citations.com/themes/marche/,Marche,6
https://www.abc-citations.com/themes/mari/,Mari,6
https://www.abc-citations.com/themes/mariage/,Mariage,75
https://www.abc-citations.com/themes/mathematiques/,Mathématiques,4
https://www.abc-citations.com/themes/maturite/,Maturité,5
https://www.abc-citations.com/themes/mauvaise-foi/,Mauvaise foi,1
https://www.abc-citations.com/themes/mechancete/,Méchanceté,10
https://www.abc-citations.com/themes/medecine/,Médecine,20
https://www.abc-citations.com/themes/medias/,Médias,7
https://www.abc-citations.com/themes/mediocrite/,Médiocrité,8
https://www.abc-citations.com/themes/medisance/,Médisance,10
https://www.abc-citations.com/themes/meditation/,Méditation,28
https://www.abc-citations.com/themes/mefiance/,Méfiance,7
https://www.abc-citations.com/themes/melancolie/,Mélancolie,15
https://www.abc-citations.com/themes/memoire/,Mémoire,45
https://www.abc-citations.com/themes/memoires/,Mémoires,12
https://www.abc-citations.com/themes/mensonge/,Mensonge,40
https://www.abc-citations.com/themes/mepris/,Mépris,26
https://www.abc-citations.com/themes/mer/,Mer,21
https://www.abc-citations.com/themes/mere/,Mère,7
https://www.abc-citations.com/themes/merite/,Mérite,7
https://www.abc-citations.com/themes/metiers/,Métiers,15
https://www.abc-citations.com/themes/militaire/,Militaire,7
https://www.abc-citations.com/themes/miracle/,Miracle,5
https://www.abc-citations.com/themes/misanthropie/,Misanthropie,10
https://www.abc-citations.com/themes/misere/,Misère,11
https://www.abc-citations.com/themes/misericorde/,Miséricorde,4
https://www.abc-citations.com/themes/mode/,Mode,14
https://www.abc-citations.com/themes/moderation/,Modération,2
https://www.abc-citations.com/themes/modernite/,Modernité,4
https://www.abc-citations.com/themes/modestie/,Modestie,23
https://www.abc-citations.com/themes/monde/,Monde,50
https://www.abc-citations.com/themes/mondialisation/,Mondialisation,4
https://www.abc-citations.com/themes/moquerie/,Moquerie,7
https://www.abc-citations.com/themes/morale/,Morale,32
https://www.abc-citations.com/themes/mort/,Mort,164
https://www.abc-citations.com/themes/motivation/,Motivation,1
https://www.abc-citations.com/themes/mots/,Mots,77
https://www.abc-citations.com/themes/mouvement/,Mouvement,4
https://www.abc-citations.com/themes/musee/,Musée,3
https://www.abc-citations.com/themes/musique/,Musique,88
https://www.abc-citations.com/themes/mythes/,Mythes,2
https://www.abc-citations.com/themes/naissance/,Naissance,24
https://www.abc-citations.com/themes/narcissisme/,Narcissisme,1
https://www.abc-citations.com/themes/nation/,Nation,10
https://www.abc-citations.com/themes/nationalisme/,Nationalisme,6
https://www.abc-citations.com/themes/nature/,Nature,52
https://www.abc-citations.com/themes/neant/,Néant,4
https://www.abc-citations.com/themes/necessite/,Nécessité,7
https://www.abc-citations.com/themes/negociation/,Négociation,6
https://www.abc-citations.com/themes/nevrose/,Névrose,2
https://www.abc-citations.com/themes/noblesse/,Noblesse,5
https://www.abc-citations.com/themes/nom/,Nom,1
https://www.abc-citations.com/themes/non-violence/,Non-violence,3
https://www.abc-citations.com/themes/nostalgie/,Nostalgie,5
https://www.abc-citations.com/themes/nourriture/,Nourriture,22
https://www.abc-citations.com/themes/nouveaute/,Nouveauté,5
https://www.abc-citations.com/themes/nouvel-an/,Nouvel an,4
https://www.abc-citations.com/themes/nouvelles/,Nouvelles,2
https://www.abc-citations.com/themes/nudite/,Nudité,2
https://www.abc-citations.com/themes/obeissance/,Obéissance,3
https://www.abc-citations.com/themes/objectif/,Objectif,42
https://www.abc-citations.com/themes/objectivite/,Objectivité,2
https://www.abc-citations.com/themes/observation/,Observation,7
https://www.abc-citations.com/themes/obstacles/,Obstacles,3
https://www.abc-citations.com/themes/obstination/,Obstination,3
https://www.abc-citations.com/themes/ocean/,Océan,5
https://www.abc-citations.com/themes/oisivete/,Oisiveté,17
https://www.abc-citations.com/themes/opinion/,Opinion,44
https://www.abc-citations.com/themes/opportunisme/,Opportunisme,7
https://www.abc-citations.com/themes/opposition/,Opposition,4
https://www.abc-citations.com/themes/oppression/,Oppression,7
https://www.abc-citations.com/themes/optimisme/,Optimisme,37
https://www.abc-citations.com/themes/ordre/,Ordre,6
https://www.abc-citations.com/themes/orgueil/,Orgueil,28
https://www.abc-citations.com/themes/originalite/,Originalité,8
https://www.abc-citations.com/themes/origines/,Origines,6
https://www.abc-citations.com/themes/oubli/,Oubli,15
https://www.abc-citations.com/themes/paix/,Paix,38
https://www.abc-citations.com/themes/paradis/,Paradis,10
https://www.abc-citations.com/themes/paradoxe/,Paradoxe,5
https://www.abc-citations.com/themes/pardon/,Pardon,28
https://www.abc-citations.com/themes/parents/,Parents,5
https://www.abc-citations.com/themes/paresse/,Paresse,16
https://www.abc-citations.com/themes/parfum/,Parfum,2
https://www.abc-citations.com/themes/paris/,Paris,8
https://www.abc-citations.com/themes/parole/,Parole,77
https://www.abc-citations.com/themes/partage/,Partage,10
https://www.abc-citations.com/themes/passe/,Passé,37
https://www.abc-citations.com/themes/passions/,Passions,66
https://www.abc-citations.com/themes/patience/,Patience,23
https://www.abc-citations.com/themes/patrie/,Patrie,16
https://www.abc-citations.com/themes/pauvrete/,Pauvreté,35
https://www.abc-citations.com/themes/pays/,Pays,2
https://www.abc-citations.com/themes/paysage/,Paysage,5
https://www.abc-citations.com/themes/peche/,Péché,2
https://www.abc-citations.com/themes/peinture/,Peinture,68
https://www.abc-citations.com/themes/pensee/,Pensée,95
https://www.abc-citations.com/themes/pere/,Père,15
https://www.abc-citations.com/themes/pere-noel/,Père Noël,4
https://www.abc-citations.com/themes/perfection/,Perfection,22
https://www.abc-citations.com/themes/perseverance/,Persévérance,18
https://www.abc-citations.com/themes/personnalite/,Personnalité,20
https://www.abc-citations.com/themes/persuasion/,Persuasion,4
https://www.abc-citations.com/themes/pessimisme/,Pessimisme,9
https://www.abc-citations.com/themes/peuple/,Peuple,34
https://www.abc-citations.com/themes/peur/,Peur,36
https://www.abc-citations.com/themes/philosophie/,Philosophie,91
https://www.abc-citations.com/themes/photographie/,Photographie,36
https://www.abc-citations.com/themes/piete/,Piété,2
https://www.abc-citations.com/themes/pitie/,Pitié,4
https://www.abc-citations.com/themes/plaisanterie/,Plaisanterie,10
https://www.abc-citations.com/themes/plaisir/,Plaisir,39
https://www.abc-citations.com/themes/pleine-conscience/,Pleine conscience,14
https://www.abc-citations.com/themes/poesie/,Poésie,106
https://www.abc-citations.com/themes/police/,Police,3
https://www.abc-citations.com/themes/politesse/,Politesse,13
https://www.abc-citations.com/themes/politique/,Politique,127
https://www.abc-citations.com/themes/pollution/,Pollution,2
https://www.abc-citations.com/themes/port/,Port,2
https://www.abc-citations.com/themes/portrait/,Portrait,3
https://www.abc-citations.com/themes/positivisme/,Positivisme,2
https://www.abc-citations.com/themes/possession/,Possession,11
https://www.abc-citations.com/themes/posterite/,Postérité,6
https://www.abc-citations.com/themes/pouvoir/,Pouvoir,44
https://www.abc-citations.com/themes/prejuge/,Préjugé,10
https://www.abc-citations.com/themes/preparation/,Préparation,8
https://www.abc-citations.com/themes/present/,Présent,57
https://www.abc-citations.com/themes/presse/,Presse,15
https://www.abc-citations.com/themes/preuve/,Preuve,2
https://www.abc-citations.com/themes/prevenance/,Prévenance,1
https://www.abc-citations.com/themes/priere/,Prière,9
https://www.abc-citations.com/themes/principes/,Principes,14
https://www.abc-citations.com/themes/privileges/,Privilèges,3
https://www.abc-citations.com/themes/probite/,Probité,3
https://www.abc-citations.com/themes/procrastination/,Procrastination,1
https://www.abc-citations.com/themes/productivite/,Productivité,1
https://www.abc-citations.com/themes/profit/,Profit,5
https://www.abc-citations.com/themes/progres/,Progrès,32
https://www.abc-citations.com/themes/projets/,Projets,13
https://www.abc-citations.com/themes/promesses/,Promesses,7
https://www.abc-citations.com/themes/propagande/,Propagande,4
https://www.abc-citations.com/themes/propriete/,Propriété,10
https://www.abc-citations.com/themes/prosperite/,Prospérité,5
https://www.abc-citations.com/themes/providence/,Providence,5
https://www.abc-citations.com/themes/prudence/,Prudence,10
https://www.abc-citations.com/themes/psychanalyse/,Psychanalyse,9
https://www.abc-citations.com/themes/psychologie/,Psychologie,3
https://www.abc-citations.com/themes/publicite/,Publicité,16
https://www.abc-citations.com/themes/pudeur/,Pudeur,4
https://www.abc-citations.com/themes/puissance/,Puissance,7
https://www.abc-citations.com/themes/purete/,Pureté,2
https://www.abc-citations.com/themes/qualites/,Qualités,8
https://www.abc-citations.com/themes/querelle/,Querelle,3
https://www.abc-citations.com/themes/question/,Question,20
https://www.abc-citations.com/themes/racisme/,Racisme,16
https://www.abc-citations.com/themes/raison/,Raison,53
https://www.abc-citations.com/themes/raisonnement/,Raisonnement,5
https://www.abc-citations.com/themes/rancune/,Rancune,1
https://www.abc-citations.com/themes/realite/,Réalité,26
https://www.abc-citations.com/themes/recherche/,Recherche,2
https://www.abc-citations.com/themes/recompense/,Récompense,4
https://www.abc-citations.com/themes/reconnaissance/,Reconnaissance,11
https://www.abc-citations.com/themes/reflexion/,Réflexion,20
https://www.abc-citations.com/themes/regard/,Regard,54
https://www.abc-citations.com/themes/regle/,Règle,7
https://www.abc-citations.com/themes/regret/,Regret,13
https://www.abc-citations.com/themes/relations/,Relations,24
https://www.abc-citations.com/themes/religion/,Religion,53
https://www.abc-citations.com/themes/remords/,Remords,6
https://www.abc-citations.com/themes/rencontres/,Rencontres,23
https://www.abc-citations.com/themes/renommee/,Renommée,8
https://www.abc-citations.com/themes/renoncement/,Renoncement,7
https://www.abc-citations.com/themes/repas/,Repas,11
https://www.abc-citations.com/themes/repentir/,Repentir,5
https://www.abc-citations.com/themes/repos/,Repos,12
https://www.abc-citations.com/themes/reproduction/,Reproduction,1
https://www.abc-citations.com/themes/republique/,République,5
https://www.abc-citations.com/themes/reputation/,Réputation,9
https://www.abc-citations.com/themes/reseaux-sociaux/,Réseaux sociaux,2
https://www.abc-citations.com/themes/resignation/,Résignation,7
https://www.abc-citations.com/themes/resilience/,Résilience,9
https://www.abc-citations.com/themes/resolution/,Résolution,4
https://www.abc-citations.com/themes/respect/,Respect,17
https://www.abc-citations.com/themes/responsabilite/,Responsabilité,14
https://www.abc-citations.com/themes/resultats/,Résultats,3
https://www.abc-citations.com/themes/reussite/,Réussite,53
https://www.abc-citations.com/themes/reve/,Rêve,97
https://www.abc-citations.com/themes/revolte/,Révolte,12
https://www.abc-citations.com/themes/revolution/,Révolution,22
https://www.abc-citations.com/themes/richesse/,Richesse,26
https://www.abc-citations.com/themes/ridicule/,Ridicule,12
https://www.abc-citations.com/themes/rire/,Rire,53
https://www.abc-citations.com/themes/risque/,Risque,9
https://www.abc-citations.com/themes/rivalite/,Rivalité,2
https://www.abc-citations.com/themes/romancier/,Romancier,6
https://www.abc-citations.com/themes/rumeurs/,Rumeurs,2
https://www.abc-citations.com/themes/ruse/,Ruse,5
https://www.abc-citations.com/themes/sacrifice/,Sacrifice,1
https://www.abc-citations.com/themes/sagesse/,Sagesse,108
https://www.abc-citations.com/themes/saisons/,Saisons,11
https://www.abc-citations.com/themes/salaire/,Salaire,1
https://www.abc-citations.com/themes/sante/,Santé,12
https://www.abc-citations.com/themes/savoir/,Savoir,42
https://www.abc-citations.com/themes/scepticisme/,Scepticisme,5
https://www.abc-citations.com/themes/science/,Science,60
https://www.abc-citations.com/themes/secret/,Secret,19
https://www.abc-citations.com/themes/securite/,Sécurité,3
https://www.abc-citations.com/themes/seduction/,Séduction,45
https://www.abc-citations.com/themes/seins/,Seins,7
https://www.abc-citations.com/themes/sensibilite/,Sensibilité,12
https://www.abc-citations.com/themes/sensualite/,Sensualité,4
https://www.abc-citations.com/themes/sentiments/,Sentiments,27
https://www.abc-citations.com/themes/separation/,Séparation,4
https://www.abc-citations.com/themes/serenite/,Sérénité,10
https://www.abc-citations.com/themes/service/,Service,13
https://www.abc-citations.com/themes/servitude/,Servitude,3
https://www.abc-citations.com/themes/sexe/,Sexe,36
https://www.abc-citations.com/themes/signe/,Signe,5
https://www.abc-citations.com/themes/silence/,Silence,31
https://www.abc-citations.com/themes/simplicite/,Simplicité,11
https://www.abc-citations.com/themes/sincerite/,Sincérité,13
https://www.abc-citations.com/themes/singularite/,Singularité,3
https://www.abc-citations.com/themes/snobisme/,Snobisme,4
https://www.abc-citations.com/themes/sobriete/,Sobriété,10
https://www.abc-citations.com/themes/socialisme/,Socialisme,1
https://www.abc-citations.com/themes/societe/,Société,95
https://www.abc-citations.com/themes/sociologie/,Sociologie,5
https://www.abc-citations.com/themes/solidarite/,Solidarité,15
https://www.abc-citations.com/themes/solitude/,Solitude,64
https://www.abc-citations.com/themes/solution/,Solution,2
https://www.abc-citations.com/themes/sommeil/,Sommeil,27
https://www.abc-citations.com/themes/sondage/,Sondage,1
https://www.abc-citations.com/themes/sottise/,Sottise,19
https://www.abc-citations.com/themes/souffrance/,Souffrance,39
https://www.abc-citations.com/themes/souplesse/,Souplesse,1
https://www.abc-citations.com/themes/sourire/,Sourire,21
https://www.abc-citations.com/themes/souvenirs/,Souvenirs,39
https://www.abc-citations.com/themes/souverainete/,Souveraineté,1
https://www.abc-citations.com/themes/speculation/,Spéculation,4
https://www.abc-citations.com/themes/spiritualite/,Spiritualité,10
https://www.abc-citations.com/themes/sport/,Sport,15
https://www.abc-citations.com/themes/statistiques/,Statistiques,4
https://www.abc-citations.com/themes/style/,Style,17
https://www.abc-citations.com/themes/succes/,Succès,32
https://www.abc-citations.com/themes/suggestion/,Suggestion,1
https://www.abc-citations.com/themes/suicide/,Suicide,16
https://www.abc-citations.com/themes/superflu/,Superflu,11
https://www.abc-citations.com/themes/superstition/,Superstition,5
https://www.abc-citations.com/themes/surdite/,Surdité,1
https://www.abc-citations.com/themes/surprise/,Surprise,3
https://www.abc-citations.com/themes/surrealisme/,Surréalisme,4
https://www.abc-citations.com/themes/suspense/,Suspense,1
https://www.abc-citations.com/themes/talent/,Talent,28
https://www.abc-citations.com/themes/technologie/,Technologie,6
https://www.abc-citations.com/themes/television/,Télévision,5
https://www.abc-citations.com/themes/temps/,Temps,164
https://www.abc-citations.com/themes/tendresse/,Tendresse,15
https://www.abc-citations.com/themes/tentation/,Tentation,4
https://www.abc-citations.com/themes/terre/,Terre,28
https://www.abc-citations.com/themes/terrorisme/,Terrorisme,3
https://www.abc-citations.com/themes/theatre/,Théâtre,30
https://www.abc-citations.com/themes/theorie/,Théorie,11
https://www.abc-citations.com/themes/timidite/,Timidité,4
https://www.abc-citations.com/themes/tolerance/,Tolérance,27
https://www.abc-citations.com/themes/totalitarisme/,Totalitarisme,4
https://www.abc-citations.com/themes/toucher/,Toucher,1
https://www.abc-citations.com/themes/tradition/,Tradition,8
https://www.abc-citations.com/themes/traduction/,Traduction,2
https://www.abc-citations.com/themes/trahison/,Trahison,3
https://www.abc-citations.com/themes/tranquillite/,Tranquillité,1
https://www.abc-citations.com/themes/transmission/,Transmission,4
https://www.abc-citations.com/themes/travail/,Travail,82
https://www.abc-citations.com/themes/tristesse/,Tristesse,16
https://www.abc-citations.com/themes/tromperie/,Tromperie,20
https://www.abc-citations.com/themes/unite/,Unité,3
https://www.abc-citations.com/themes/univers/,Univers,19
https://www.abc-citations.com/themes/utopie/,Utopie,10
https://www.abc-citations.com/themes/vacances/,Vacances,2
https://www.abc-citations.com/themes/valeur/,Valeur,22
https://www.abc-citations.com/themes/vanite/,Vanité,25
https://www.abc-citations.com/themes/vegetarisme/,Végétarisme,5
https://www.abc-citations.com/themes/vengeance/,Vengeance,12
https://www.abc-citations.com/themes/verite/,Vérité,142
https://www.abc-citations.com/themes/vertu/,Vertu,37
https://www.abc-citations.com/themes/vice/,Vice,14
https://www.abc-citations.com/themes/victoire/,Victoire,3
https://www.abc-citations.com/themes/vie/,Vie,309
https://www.abc-citations.com/themes/vieillesse/,Vieillesse,84
https://www.abc-citations.com/themes/ville/,Ville,9
https://www.abc-citations.com/themes/vin/,Vin,17
https://www.abc-citations.com/themes/violence/,Violence,15
https://www.abc-citations.com/themes/virginite/,Virginité,1
https://www.abc-citations.com/themes/virilite/,Virilité,1
https://www.abc-citations.com/themes/vision/,Vision,1
https://www.abc-citations.com/themes/vitalite/,Vitalité,1
https://www.abc-citations.com/themes/vocation/,Vocation,3
https://www.abc-citations.com/themes/voeux/,Voeux,1
https://www.abc-citations.com/themes/voix/,Voix,4
https://www.abc-citations.com/themes/volonte/,Volonté,44
https://www.abc-citations.com/themes/volupte/,Volupté,6
https://www.abc-citations.com/themes/voyages/,Voyages,50
https://www.abc-citations.com/themes/vrai/,Vrai,3
https://www.abc-citations.com/themes/vulgarite/,Vulgarité,3
